id,name,phone,role,password
1,Mickie Ensley,549-451-5541,admin,Mickie Ensley
2,Ximenez Rispin,932-497-2235,customer,Ximenez Rispin
3,Jerry Aleksankov,702-354-5238,first aid,Jerry Aleksankov
4,Carolus Lillford,184-937-2947,customer,Carolus Lillford
5,Field Heisman,261-225-5073,first aid,Field Heisman
6,Idalina Weatherburn,877-881-6282,first aid,Idalina Weatherburn
7,Anna-diana Apdell,338-919-0263,first aid,Anna-diana Apdell
8,Rosa Scandred,411-911-7569,customer,Rosa Scandred
9,Morie Hackworth,837-744-0039,customer,Morie Hackworth
10,Jeffrey Langsbury,788-900-1927,customer,Jeffrey Langsbury
11,Jozef Polino,351-933-8995,first aid,Jozef Polino
12,Arlena Duigan,853-240-0557,first aid,Arlena Duigan
13,Kaila Roxburch,741-207-0530,first aid,Kaila Roxburch
14,Tabb Nowell,270-175-2414,customer,Tabb Nowell
15,Hagen Lapworth,535-509-9606,customer,Hagen Lapworth
16,Beltran Masding,801-999-9891,first aid,Beltran Masding
17,Murray O' Hanvey,429-899-6758,customer,Murray O' Hanvey
18,Gradeigh Balsom,436-284-5676,first aid,Gradeigh Balsom
19,Evered McCrudden,637-288-3234,admin,Evered McCrudden
20,Hartwell Eliyahu,109-327-4750,customer,Hartwell Eliyahu
21,Rolfe Hopewell,197-374-1130,customer,Rolfe Hopewell
22,Bobbye Simeon,493-799-1231,customer,Bobbye Simeon
23,Corena Janeczek,630-883-8506,customer,Corena Janeczek
24,Aimee Martell,763-713-0253,first aid,Aimee Martell
25,Silas Le Strange,920-327-3489,customer,Silas Le Strange
26,Forrest Kearsley,642-581-9481,admin,Forrest Kearsley
27,Cesaro Grunder,823-634-3452,first aid,Cesaro Grunder
28,Cleo Greenhalf,254-674-4542,first aid,Cleo Greenhalf
29,Tabby Snoxill,104-947-4527,customer,Tabby Snoxill
30,Rebe Skudder,901-880-5648,customer,Rebe Skudder
31,Ronda Baudain,810-717-3647,customer,Ronda Baudain
32,Filbert Tink,307-902-2322,first aid,Filbert Tink
33,Tabbitha Ollet,424-852-3669,first aid,Tabbitha Ollet
34,Fairleigh Bogie,584-210-8774,admin,Fairleigh Bogie
35,Huntley Jeanin,930-688-1407,first aid,Huntley Jeanin
36,Nalani Alliot,323-288-0118,customer,Nalani Alliot
37,Normy Baruch,310-683-8613,customer,Normy Baruch
38,Silvia Pittock,770-286-1353,customer,Silvia Pittock
39,Yul Cartmer,467-349-7669,admin,Yul Cartmer
40,Robbi Hankin,335-900-3566,first aid,Robbi Hankin
41,Bonnee Gier,101-688-3810,customer,Bonnee Gier
42,Lars Overland,934-772-1687,first aid,Lars Overland
43,Caye Fortune,574-257-8072,customer,Caye Fortune
44,Ivar Eyckel,140-383-3280,first aid,Ivar Eyckel
45,Alard Grivori,789-921-8629,first aid,Alard Grivori
46,Tymothy Guiot,789-312-8205,customer,Tymothy Guiot
47,Whitney Wolland,581-502-8306,first aid,Whitney Wolland
48,Crystie Borghese,162-685-0716,first aid,Crystie Borghese
49,Mil Luckwell,608-448-4697,customer,Mil Luckwell
50,Nikos Boshers,189-664-1538,first aid,Nikos Boshers
51,Justina Downgate,966-657-7153,admin,Justina Downgate
52,Livy Gregolotti,251-841-8984,first aid,Livy Gregolotti
53,Dorey Du Fray,127-131-0249,customer,Dorey Du Fray
54,Iggy Greedyer,835-277-7242,customer,Iggy Greedyer
55,Rory Milella,660-300-0965,customer,Rory Milella
56,Harris Ivanonko,451-194-3566,customer,Harris Ivanonko
57,Manuel Togher,470-977-3246,first aid,Manuel Togher
58,Guy Studd,778-684-2092,customer,Guy Studd
59,Ronnie Ghidini,188-485-5222,admin,Ronnie Ghidini
60,Benoite Burleigh,272-871-5364,customer,Benoite Burleigh
61,Ernestus MacCome,997-337-2558,first aid,Ernestus MacCome
62,Juli Booth,444-587-1041,admin,Juli Booth
63,Vincent Hart,424-771-9583,admin,Vincent Hart
64,Francesca Rankmore,989-398-9425,customer,Francesca Rankmore
65,Clywd Rudolf,327-273-5099,customer,Clywd Rudolf
66,Junia Becken,299-496-5548,first aid,Junia Becken
67,Angelita Meffin,228-445-9632,first aid,Angelita Meffin
68,Christyna Whitmore,550-562-8850,customer,Christyna Whitmore
69,Sutherlan Alphege,749-795-2470,first aid,Sutherlan Alphege
70,Imogen Salvadore,510-311-1839,first aid,Imogen Salvadore
71,Isiahi Chappelle,216-678-3784,customer,Isiahi Chappelle
72,Katharine Espy,257-786-0402,first aid,Katharine Espy
73,Carley MacFadzean,943-714-4155,customer,Carley MacFadzean
74,Kris Malec,578-951-1754,first aid,Kris Malec
75,Mellie Quenby,259-259-4869,customer,Mellie Quenby
76,Codie Kingswold,231-300-0037,customer,Codie Kingswold
77,Lion Tomkin,948-891-8774,customer,Lion Tomkin
78,Mohammed De Leek,800-540-3664,admin,Mohammed De Leek
79,Ambrosi Keam,882-532-6502,customer,Ambrosi Keam
80,Julietta Gomme,315-710-5425,customer,Julietta Gomme
81,Tabbitha Kibby,727-436-7252,customer,Tabbitha Kibby
82,Sherilyn Duding,695-531-8769,customer,Sherilyn Duding
83,Alina Durtnel,602-419-3669,first aid,Alina Durtnel
84,Alwin Villa,111-163-6525,admin,Alwin Villa
85,Ella Hulatt,151-345-2901,customer,Ella Hulatt
86,Saree Winterbourne,783-208-2635,customer,Saree Winterbourne
87,Sylas Colthard,864-337-4884,first aid,Sylas Colthard
88,Norry Jime,424-945-7917,customer,Norry Jime
89,Hildagard Windrass,395-800-6801,admin,Hildagard Windrass
90,Moises Javes,225-848-4273,first aid,Moises Javes
91,Lenna Marris,207-181-0458,admin,Lenna Marris
92,Heindrick Rae,925-312-6166,customer,Heindrick Rae
93,Brett Zanassi,571-378-9516,customer,Brett Zanassi
94,Jerrilee Yendle,673-886-7665,admin,Jerrilee Yendle
95,Martguerita Presnail,220-356-8837,first aid,Martguerita Presnail
96,Kleon Wraxall,208-416-9976,admin,Kleon Wraxall
97,Dorie Ebbetts,539-747-6206,admin,Dorie Ebbetts
98,Joe Murkus,304-710-2762,first aid,Joe Murkus
99,Hurleigh Krauss,737-941-0646,customer,Hurleigh Krauss
100,Pennie Matzl,326-843-9151,first aid,Pennie Matzl
101,Cordelie McNiven,409-496-7508,first aid,Cordelie McNiven
102,Carmon Ivanyushkin,434-626-2905,first aid,Carmon Ivanyushkin
103,Ainsley Briant,957-129-1038,customer,Ainsley Briant
104,Shara Hartright,967-618-8127,first aid,Shara Hartright
105,Aloin de Voiels,827-167-1410,customer,Aloin de Voiels
106,Kalinda Malamore,933-197-1615,first aid,Kalinda Malamore
107,Brietta Rice,428-502-4093,customer,Brietta Rice
108,Justino Hugonneau,169-312-6471,customer,Justino Hugonneau
109,Annadiana Panchin,371-156-5092,first aid,Annadiana Panchin
110,Ruddie Matelyunas,707-888-7630,customer,Ruddie Matelyunas
111,Alma Speak,732-861-5677,first aid,Alma Speak
112,Patrica Coveny,257-273-4783,first aid,Patrica Coveny
113,Aldridge Driffe,821-991-3681,admin,Aldridge Driffe
114,Idell Peschka,331-116-3446,first aid,Idell Peschka
115,Kippy Instrell,929-411-8481,customer,Kippy Instrell
116,Kit Sustin,978-890-2328,customer,Kit Sustin
117,Phillip Farnworth,362-189-1853,admin,Phillip Farnworth
118,D'arcy Clubbe,634-269-1144,customer,D'arcy Clubbe
119,Tybi Clere,596-836-4469,customer,Tybi Clere
120,Alexis Matthews,103-271-7164,admin,Alexis Matthews
121,Filippa Briston,779-983-6881,customer,Filippa Briston
122,Akim Knocker,133-510-5721,admin,Akim Knocker
123,Gretta Seago,862-380-2465,first aid,Gretta Seago
124,Florri Wicklen,848-789-3717,customer,Florri Wicklen
125,Feliks Emer,370-526-5498,admin,Feliks Emer
126,Gilemette Butrimovich,801-726-7260,customer,Gilemette Butrimovich
127,Town Lorrimer,704-824-2324,admin,Town Lorrimer
128,Sigismond Mitskevich,162-202-1828,customer,Sigismond Mitskevich
129,Jacquelyn Plumbridge,426-989-0963,customer,Jacquelyn Plumbridge
130,Robinetta Neller,539-947-2590,customer,Robinetta Neller
131,Frankie Tidmarsh,795-938-2141,first aid,Frankie Tidmarsh
132,Suzann Hawket,722-977-0942,customer,Suzann Hawket
133,Jennilee Mehmet,670-110-7944,admin,Jennilee Mehmet
134,Artie Wilderspoon,910-540-4939,admin,Artie Wilderspoon
135,Henry Simmank,554-762-9211,customer,Henry Simmank
136,Casi Wilton,143-315-7739,admin,Casi Wilton
137,Gwendolin Harradine,260-909-0396,first aid,Gwendolin Harradine
138,Drusi Carden,809-320-1686,first aid,Drusi Carden
139,Aeriel Vaney,131-752-5878,first aid,Aeriel Vaney
140,Rakel Hanning,545-232-1075,first aid,Rakel Hanning
141,Ambrose Kindred,837-176-6916,first aid,Ambrose Kindred
142,Maynard Wheildon,821-573-1869,customer,Maynard Wheildon
143,Armando Klimus,179-201-9936,customer,Armando Klimus
144,Fifi Critoph,612-590-1421,first aid,Fifi Critoph
145,Gene Drydale,432-817-2574,first aid,Gene Drydale
146,Irv Nesfield,783-954-9035,first aid,Irv Nesfield
147,Coleen Kybbye,611-209-4536,customer,Coleen Kybbye
148,Marina Pratt,798-276-5168,customer,Marina Pratt
149,Kath Dowrey,127-399-4690,first aid,Kath Dowrey
150,Aarika Defty,671-537-5149,customer,Aarika Defty
151,Cherilyn Guittet,512-249-3160,first aid,Cherilyn Guittet
152,Eleanore Wallworke,913-347-9223,customer,Eleanore Wallworke
153,Nikos Le Marquis,673-443-4504,customer,Nikos Le Marquis
154,Edi Lecky,149-709-3464,first aid,Edi Lecky
155,Ursa Bewsey,560-696-0379,admin,Ursa Bewsey
156,Erich Etoile,931-627-6316,admin,Erich Etoile
157,Appolonia Mouth,700-421-4074,customer,Appolonia Mouth
158,Imogene Hubbocks,147-714-6779,first aid,Imogene Hubbocks
159,Jessa Duthie,114-642-6470,admin,Jessa Duthie
160,Wilden Dozdill,792-572-2716,first aid,Wilden Dozdill
161,Hollis Diwell,152-538-8308,customer,Hollis Diwell
162,Danella Hearfield,298-975-8020,first aid,Danella Hearfield
163,Danice Aaronson,986-247-7329,customer,Danice Aaronson
164,Astrix Schistl,498-993-7471,first aid,Astrix Schistl
165,Francis Cunde,882-159-0617,admin,Francis Cunde
166,Janaya Blundel,684-469-6281,first aid,Janaya Blundel
167,Dolly Linnock,240-867-2824,customer,Dolly Linnock
168,Bab Matanin,698-667-9832,customer,Bab Matanin
169,Janean Kantor,382-761-9591,customer,Janean Kantor
170,Shae Willis,682-479-2018,customer,Shae Willis
171,Loren Goulborne,885-742-0519,customer,Loren Goulborne
172,Stephine Dan,850-847-6187,customer,Stephine Dan
173,Penny Courage,843-248-5589,customer,Penny Courage
174,Flory Cannicott,558-568-7220,first aid,Flory Cannicott
175,Evie Reglar,310-647-7330,admin,Evie Reglar
176,Haley Cordier,628-904-5226,customer,Haley Cordier
177,Emmey Trett,549-405-3770,first aid,Emmey Trett
178,Jeffie Ginie,673-194-6981,admin,Jeffie Ginie
179,Harcourt MacKenzie,519-239-7967,customer,Harcourt MacKenzie
180,Elaina Killimister,369-644-4414,first aid,Elaina Killimister
181,Robin Rodson,317-381-3634,customer,Robin Rodson
182,Aili Charlo,299-402-8130,admin,Aili Charlo
183,Petronilla Winston,471-519-7290,admin,Petronilla Winston
184,Boris Gaymar,721-414-2668,customer,Boris Gaymar
185,Oby Varley,557-593-7244,admin,Oby Varley
186,Ward Danhel,556-575-9244,customer,Ward Danhel
187,Dalenna MacGettigen,321-327-4584,first aid,Dalenna MacGettigen
188,Jesse Grundwater,288-444-3669,admin,Jesse Grundwater
189,Torin Laffin,784-900-1360,customer,Torin Laffin
190,Kassey Ravenscroftt,638-448-4078,admin,Kassey Ravenscroftt
191,Sloan Buist,267-845-1695,customer,Sloan Buist
192,Johnathan Jzhakov,788-301-3079,first aid,Johnathan Jzhakov
193,Giorgia Brownsett,552-582-1160,first aid,Giorgia Brownsett
194,Nichols Tipper,327-930-2784,customer,Nichols Tipper
195,Gloriane Speechley,475-784-3459,customer,Gloriane Speechley
196,Krysta Philcox,232-753-2034,first aid,Krysta Philcox
197,Kiel Breit,866-996-1097,customer,Kiel Breit
198,Marleen Hardington,752-710-4905,first aid,Marleen Hardington
199,Julissa Ahren,843-452-2727,first aid,Julissa Ahren
200,Pooh Eagle,535-403-9157,customer,Pooh Eagle
201,Thedric Showte,953-799-0409,customer,Thedric Showte
202,Tripp Blankau,642-827-9520,first aid,Tripp Blankau
203,Giulia Rosten,321-312-3182,customer,Giulia Rosten
204,Terese McTaggart,376-629-8430,first aid,Terese McTaggart
205,Corabel McIlharga,825-839-7914,first aid,Corabel McIlharga
206,Cyndie Schach,785-429-6825,customer,Cyndie Schach
207,Letty Danielsen,800-410-7117,first aid,Letty Danielsen
208,Lotte Jefferys,429-946-5534,customer,Lotte Jefferys
209,Aurelia Claricoats,137-604-0377,customer,Aurelia Claricoats
210,Roda Upham,267-490-8325,admin,Roda Upham
211,Lacy Dorrell,877-163-1622,admin,Lacy Dorrell
212,Itch Lillistone,167-865-1437,first aid,Itch Lillistone
213,Rabbi Marrington,852-490-5983,first aid,Rabbi Marrington
214,Amanda Gooday,727-821-9734,customer,Amanda Gooday
215,Pauly Locard,859-450-2998,first aid,Pauly Locard
216,Lorraine Klemencic,828-862-2837,first aid,Lorraine Klemencic
217,Farrah Eastment,544-823-4290,customer,Farrah Eastment
218,Noland Heymes,644-276-5500,first aid,Noland Heymes
219,Calypso Curee,702-697-3672,admin,Calypso Curee
220,Denyse Byers,601-895-4465,admin,Denyse Byers
221,Chico Stenet,431-950-0128,customer,Chico Stenet
222,Daisy Jedrzejewicz,269-833-8631,first aid,Daisy Jedrzejewicz
223,Alan MacMickan,291-363-6373,first aid,Alan MacMickan
224,Jasun Justham,164-822-0288,first aid,Jasun Justham
225,Auroora Blanking,623-298-9208,customer,Auroora Blanking
226,Giles Louca,117-536-4636,first aid,Giles Louca
227,Matthias Cheine,229-802-1895,customer,Matthias Cheine
228,Sibley Woodward,259-869-8759,first aid,Sibley Woodward
229,Federico Govini,121-474-6874,customer,Federico Govini
230,Martie Caldairou,764-297-8104,customer,Martie Caldairou
231,Shayna Rhubottom,191-207-9505,customer,Shayna Rhubottom
232,Mayer Brotherwood,317-413-3619,customer,Mayer Brotherwood
233,Roy Elcum,603-955-1485,first aid,Roy Elcum
234,Lacee Kitteringham,441-580-3211,first aid,Lacee Kitteringham
235,Jaclyn Ambroziak,817-904-0583,first aid,Jaclyn Ambroziak
236,Emmet Lemerle,969-841-1916,customer,Emmet Lemerle
237,Kermy Sebrens,313-820-2890,first aid,Kermy Sebrens
238,Darci Schachter,508-659-9710,admin,Darci Schachter
239,Abbye McTague,947-237-1738,admin,Abbye McTague
240,Hulda Cusworth,482-233-1300,customer,Hulda Cusworth
241,Stanly Swayton,640-972-4356,admin,Stanly Swayton
242,Donetta Senecaux,671-322-0791,customer,Donetta Senecaux
243,Ivie Sawter,849-179-1495,first aid,Ivie Sawter
244,Willetta Hazlewood,183-482-2286,customer,Willetta Hazlewood
245,Kermie Eastcott,666-342-8096,admin,Kermie Eastcott
246,Brewster Fold,934-504-8263,first aid,Brewster Fold
247,Gerri Witchell,616-718-8366,customer,Gerri Witchell
248,Garv Degoix,105-865-3793,customer,Garv Degoix
249,Abraham McGuiness,675-206-3209,customer,Abraham McGuiness
250,Merrill Ellwell,701-553-5852,first aid,Merrill Ellwell
251,Bride Showte,310-713-7520,first aid,Bride Showte
252,Michel Biasi,615-114-7397,first aid,Michel Biasi
253,Hayes O'Shea,928-180-6805,customer,Hayes O'Shea
254,Bill McCallister,338-293-6742,customer,Bill McCallister
255,Ray Fradgley,411-180-2774,first aid,Ray Fradgley
256,Phillipp Meachan,176-766-1940,admin,Phillipp Meachan
257,Puff Devin,762-100-2089,customer,Puff Devin
258,Webster Ren,891-653-0491,admin,Webster Ren
259,Marleah Dwelly,863-267-4181,customer,Marleah Dwelly
260,Cindra Mawtus,477-335-6618,customer,Cindra Mawtus
261,Margret Bessell,728-216-0520,customer,Margret Bessell
262,Fernando Plunkett,124-103-4699,customer,Fernando Plunkett
263,Simon Balme,302-265-6262,customer,Simon Balme
264,Anastasia Ramsier,909-570-4937,customer,Anastasia Ramsier
265,Marika Ridout,536-917-2161,first aid,Marika Ridout
266,Dorolice McDuffy,163-910-2822,admin,Dorolice McDuffy
267,June Jewess,162-591-5298,admin,June Jewess
268,Flin Baulk,212-880-5221,customer,Flin Baulk
269,Claretta Demangeot,793-184-3966,customer,Claretta Demangeot
270,Jeramie Cornborough,586-275-2481,first aid,Jeramie Cornborough
271,Durand Paoletti,270-841-9397,customer,Durand Paoletti
272,Jenda Mila,637-206-1044,first aid,Jenda Mila
273,Bryant Feben,311-239-9697,customer,Bryant Feben
274,Agace Heam,325-835-1426,customer,Agace Heam
275,Amos O'Spillane,134-467-0227,customer,Amos O'Spillane
276,Dov Calvard,254-787-1828,customer,Dov Calvard
277,Cristian Morteo,936-704-6478,customer,Cristian Morteo
278,Aeriela McKellar,162-404-0785,admin,Aeriela McKellar
279,Thaine Hans,212-673-5001,admin,Thaine Hans
280,Fayina Rosenfarb,643-342-9261,first aid,Fayina Rosenfarb
281,Vincents Morgon,808-585-6912,first aid,Vincents Morgon
282,Dani Sabie,146-534-6243,first aid,Dani Sabie
283,Will Jaffa,207-780-3781,first aid,Will Jaffa
284,Willy Blagbrough,712-731-9392,customer,Willy Blagbrough
285,Hastie Riepel,818-552-1489,customer,Hastie Riepel
286,Catlaina MacMickan,639-101-0907,first aid,Catlaina MacMickan
287,Perren Orth,330-729-2034,admin,Perren Orth
288,Daisy Camier,686-778-0486,first aid,Daisy Camier
289,Darcie Napper,724-535-8740,customer,Darcie Napper
290,Delaney Cowmeadow,587-264-5672,admin,Delaney Cowmeadow
291,Karylin Turbard,241-822-0476,first aid,Karylin Turbard
292,Brinna Fernely,429-115-4808,admin,Brinna Fernely
293,Aurel Larraway,632-127-0534,customer,Aurel Larraway
294,Crystie Fardon,466-382-6421,admin,Crystie Fardon
295,Evita Ipsly,633-934-7271,first aid,Evita Ipsly
296,Mel Charlon,843-447-1885,first aid,Mel Charlon
297,Rockwell Grieg,174-899-4324,admin,Rockwell Grieg
298,Red Hansley,449-115-8936,customer,Red Hansley
299,Loy Jimeno,333-592-6399,customer,Loy Jimeno
300,Travers Threadkell,263-867-6025,first aid,Travers Threadkell
301,Tania Josefowicz,698-412-1375,customer,Tania Josefowicz
302,Hillyer Causbey,291-817-7420,first aid,Hillyer Causbey
303,Reilly Wooler,253-624-6906,first aid,Reilly Wooler
304,Audrie Denkin,836-936-5238,first aid,Audrie Denkin
305,Brockie McGorman,913-425-5177,admin,Brockie McGorman
306,Rodrick Dodwell,466-600-3484,admin,Rodrick Dodwell
307,Petronella Hopkynson,270-582-9640,customer,Petronella Hopkynson
308,Nigel Spindler,247-757-8095,customer,Nigel Spindler
309,Wolf Le Grove,388-633-1021,customer,Wolf Le Grove
310,Stephie Bann,149-871-5854,admin,Stephie Bann
311,August Raulstone,226-316-6116,admin,August Raulstone
312,Ash Callen,191-218-2529,first aid,Ash Callen
313,Lynea Vawton,378-842-7673,first aid,Lynea Vawton
314,Far Trethewey,285-122-7998,first aid,Far Trethewey
315,Jeane Phinnessy,129-544-3231,customer,Jeane Phinnessy
316,Allx Chesshire,321-191-2293,first aid,Allx Chesshire
317,Jimmie Voyce,277-775-4210,admin,Jimmie Voyce
318,Cristen Hourahan,430-908-5722,customer,Cristen Hourahan
319,Waylen Fehners,790-148-1872,customer,Waylen Fehners
320,Auguste Chippindale,480-589-5784,first aid,Auguste Chippindale
321,Louella Sharpus,660-619-7902,admin,Louella Sharpus
322,Lorain Rowe,454-954-7472,customer,Lorain Rowe
323,Colline Grangier,215-485-1712,customer,Colline Grangier
324,Adlai Gravenall,778-557-2017,admin,Adlai Gravenall
325,Gallagher Lenox,235-789-0252,customer,Gallagher Lenox
326,Evie Cramphorn,956-451-5207,customer,Evie Cramphorn
327,Kylie Glackin,343-735-2723,admin,Kylie Glackin
328,Faber Butcher,443-885-5924,admin,Faber Butcher
329,Truda Ivimy,440-551-3097,customer,Truda Ivimy
330,Albina Goldes,589-189-4637,customer,Albina Goldes
331,Saree Sowter,303-100-8891,admin,Saree Sowter
332,Julina Duerden,610-213-4438,customer,Julina Duerden
333,Augustine Kibbe,765-649-1969,first aid,Augustine Kibbe
334,Raddy Beaten,373-877-9540,customer,Raddy Beaten
335,Alonzo Gammidge,827-789-0886,customer,Alonzo Gammidge
336,Bethena Shurman,890-929-5008,first aid,Bethena Shurman
337,Lay Spurden,669-132-2536,customer,Lay Spurden
338,Christopher Emms,322-229-6129,first aid,Christopher Emms
339,Deidre Lemon,862-319-4550,customer,Deidre Lemon
340,Mar Nelligan,434-755-5393,first aid,Mar Nelligan
341,Maia Brahms,173-553-1334,customer,Maia Brahms
342,Frayda Cosbee,653-339-7147,first aid,Frayda Cosbee
343,Robby Longhorne,767-994-3980,admin,Robby Longhorne
344,Davida Hetterich,922-669-6573,first aid,Davida Hetterich
345,Hedy Langmead,846-697-1058,customer,Hedy Langmead
346,Ferd Vedntyev,418-314-9671,admin,Ferd Vedntyev
347,Oona Swayne,444-105-1275,customer,Oona Swayne
348,L;urette Bauldry,671-346-1121,customer,L;urette Bauldry
349,Linus Callar,503-451-2600,first aid,Linus Callar
350,Hillary Fripp,262-909-1947,first aid,Hillary Fripp
351,Hebert Keefe,976-572-6962,first aid,Hebert Keefe
352,Halimeda Peters,679-744-6681,admin,Halimeda Peters
353,Leon Glaisner,968-494-8605,customer,Leon Glaisner
354,Mandi Eccleshall,855-494-3874,first aid,Mandi Eccleshall
355,Maurizio Pollak,456-769-7771,admin,Maurizio Pollak
356,Genna Kier,575-345-1576,customer,Genna Kier
357,Petra Dangl,239-330-1785,first aid,Petra Dangl
358,Jedd Ber,206-490-8199,customer,Jedd Ber
359,Rudiger Da Costa,385-663-4469,customer,Rudiger Da Costa
360,Aleksandr Vanes,115-381-3739,customer,Aleksandr Vanes
361,Huntington Schulken,869-110-3524,admin,Huntington Schulken
362,Reeba Goodall,145-102-6579,customer,Reeba Goodall
363,Stacy Adamou,960-174-8926,first aid,Stacy Adamou
364,Kele Ede,142-465-9240,customer,Kele Ede
365,Rosabella Hubane,615-127-5230,first aid,Rosabella Hubane
366,Emery Walbrun,525-618-4385,customer,Emery Walbrun
367,Kennedy Heigold,935-535-0463,customer,Kennedy Heigold
368,Mari Marval,832-458-8546,first aid,Mari Marval
369,Davita Segge,641-563-4347,customer,Davita Segge
370,Gino Sipson,974-466-4561,admin,Gino Sipson
371,Alfreda Breeder,700-647-9057,admin,Alfreda Breeder
372,Joyan Platts,944-798-4984,customer,Joyan Platts
373,Land Budden,729-752-1947,customer,Land Budden
374,Pia Camelli,604-232-7866,customer,Pia Camelli
375,Tyson Marven,719-898-1388,first aid,Tyson Marven
376,Doll Kalinsky,302-260-6645,customer,Doll Kalinsky
377,Hyacinthe Gold,740-731-7920,customer,Hyacinthe Gold
378,Nell Whapple,207-590-0403,admin,Nell Whapple
379,Ibby Dunkersley,656-124-7266,customer,Ibby Dunkersley
380,Joycelin Chettoe,439-600-8993,customer,Joycelin Chettoe
381,Gay Prene,355-221-8780,admin,Gay Prene
382,Merrill Enefer,966-496-4640,admin,Merrill Enefer
383,Barclay de Guerre,351-398-8312,first aid,Barclay de Guerre
384,Becki Bedo,600-818-9651,customer,Becki Bedo
385,Dalt Camocke,110-533-4609,first aid,Dalt Camocke
386,Jorie Mugford,321-196-4401,customer,Jorie Mugford
387,Rowland Bascomb,664-319-4412,customer,Rowland Bascomb
388,Terrie Ragbourne,940-341-8291,admin,Terrie Ragbourne
389,Elayne Shurlock,850-604-0881,admin,Elayne Shurlock
390,Cristi Wharmby,996-644-4733,first aid,Cristi Wharmby
391,Sal Hekkert,446-252-1802,first aid,Sal Hekkert
392,Richard McNulty,572-687-6896,customer,Richard McNulty
393,Wilhelm Patty,561-515-0349,customer,Wilhelm Patty
394,Cammy Nouch,946-471-8933,admin,Cammy Nouch
395,Chloe Maddra,859-400-4997,customer,Chloe Maddra
396,Jolynn Basset,867-312-2275,admin,Jolynn Basset
397,Netty Chisholm,587-632-2046,customer,Netty Chisholm
398,Ilyssa Glassman,708-884-4657,first aid,Ilyssa Glassman
399,Ninette Shalcros,906-712-7456,first aid,Ninette Shalcros
400,Maudie Purkins,751-411-1606,admin,Maudie Purkins
401,Tedd Farfolomeev,985-611-0753,admin,Tedd Farfolomeev
402,Vivia Berwick,605-494-3808,admin,Vivia Berwick
403,Andros Zettoi,770-879-3037,customer,Andros Zettoi
404,Nertie Melledy,471-329-4870,admin,Nertie Melledy
405,Alon Propper,719-588-9584,first aid,Alon Propper
406,Ebeneser Rowden,439-790-6907,customer,Ebeneser Rowden
407,Ryan Mattioni,946-423-1493,customer,Ryan Mattioni
408,Wilt Huckstepp,147-395-4351,first aid,Wilt Huckstepp
409,Mannie Skupinski,939-492-6883,customer,Mannie Skupinski
410,Ainslee Madgewick,769-362-3219,customer,Ainslee Madgewick
411,Lynnelle Nowakowski,202-682-5194,customer,Lynnelle Nowakowski
412,Yolanthe Louys,121-739-1505,customer,Yolanthe Louys
413,Karel Berzons,737-486-1036,customer,Karel Berzons
414,Dwayne Vasilchenko,700-250-3386,admin,Dwayne Vasilchenko
415,Catina Lenthall,214-360-2765,first aid,Catina Lenthall
416,Gustie Croot,541-351-7366,customer,Gustie Croot
417,Ernestine Kings,886-583-5400,customer,Ernestine Kings
418,Emmerich Mooring,795-253-7850,admin,Emmerich Mooring
419,Ferrell Muslim,857-417-9935,customer,Ferrell Muslim
420,Cassaundra Grealish,762-859-0828,admin,Cassaundra Grealish
421,Willow Raynton,992-932-7636,first aid,Willow Raynton
422,Robert Tibbotts,116-157-8683,first aid,Robert Tibbotts
423,Dix Gooch,148-863-0219,admin,Dix Gooch
424,Dorie Lorey,730-693-3436,customer,Dorie Lorey
425,Karleen Petticrow,115-300-5143,admin,Karleen Petticrow
426,Kittie Marritt,295-185-7045,customer,Kittie Marritt
427,Georgianna Byart,510-639-2498,customer,Georgianna Byart
428,Myrvyn Nunnerley,429-789-6253,admin,Myrvyn Nunnerley
429,Liana Riby,257-693-9956,first aid,Liana Riby
430,Gabbie Harbor,551-426-3076,admin,Gabbie Harbor
431,Constantia Ector,189-177-4774,customer,Constantia Ector
432,Sully Threadgold,419-154-1524,admin,Sully Threadgold
433,Murray Waiting,979-375-3667,customer,Murray Waiting
434,Josephine Revill,700-715-6677,customer,Josephine Revill
435,Madelyn Bone,182-512-8624,customer,Madelyn Bone
436,Barnebas Cockcroft,927-112-0535,customer,Barnebas Cockcroft
437,Byrann Wyd,219-162-6117,customer,Byrann Wyd
438,Riane Camplejohn,752-342-4737,customer,Riane Camplejohn
439,Clemence Baselli,538-981-5193,customer,Clemence Baselli
440,Tobye Lush,423-999-5066,customer,Tobye Lush
441,Paddy Dawtry,370-119-0227,customer,Paddy Dawtry
442,Kendall Timeby,681-215-2375,admin,Kendall Timeby
443,Tades Tredwell,360-649-5592,customer,Tades Tredwell
444,Katharyn Shorrock,963-992-8024,first aid,Katharyn Shorrock
445,Gus Monteith,169-401-6586,first aid,Gus Monteith
446,Jesse Yourell,857-962-2108,first aid,Jesse Yourell
447,Baron Probate,121-397-7284,customer,Baron Probate
448,Wit Edgecumbe,748-660-5014,customer,Wit Edgecumbe
449,Franzen Royans,296-843-2596,customer,Franzen Royans
450,Kailey Paulson,558-949-6453,first aid,Kailey Paulson
451,Correy Carlisso,679-840-7179,customer,Correy Carlisso
452,Gordan Ewing,716-444-5483,customer,Gordan Ewing
453,Star Nowill,993-827-4615,customer,Star Nowill
454,Fedora Skuce,220-590-1527,customer,Fedora Skuce
455,Carey Neild,809-224-1563,customer,Carey Neild
456,Barry Bail,501-677-3542,customer,Barry Bail
457,Christen Jenkin,126-621-9953,first aid,Christen Jenkin
458,Lynna Manuel,914-638-2177,customer,Lynna Manuel
459,Elnar Bourget,848-353-1467,customer,Elnar Bourget
460,Danita Wynne,476-388-5287,first aid,Danita Wynne
461,Rhona Hurdman,172-365-9972,customer,Rhona Hurdman
462,Winifield Yonnie,204-759-1054,first aid,Winifield Yonnie
463,Fayth Tales,916-716-2045,first aid,Fayth Tales
464,Gris Geldeard,274-889-9682,customer,Gris Geldeard
465,Damaris Boater,853-653-7602,customer,Damaris Boater
466,Tulley Craster,991-925-3249,customer,Tulley Craster
467,Liliane Mundy,138-917-3042,first aid,Liliane Mundy
468,Corry Sibbald,384-983-9066,customer,Corry Sibbald
469,Hillary Portlock,387-157-3700,customer,Hillary Portlock
470,Donelle Ogden,687-268-8590,admin,Donelle Ogden
471,Lissie Wadworth,145-376-1826,customer,Lissie Wadworth
472,Alistair Cundy,926-250-9926,first aid,Alistair Cundy
473,Lorianne Jurisch,487-253-9062,customer,Lorianne Jurisch
474,Zorine Rosenblum,464-356-1812,first aid,Zorine Rosenblum
475,Caren Seeley,147-813-4043,customer,Caren Seeley
476,Tab McDirmid,181-942-6519,customer,Tab McDirmid
477,Jocelyne Antunes,228-189-9398,customer,Jocelyne Antunes
478,Desiri Gason,183-346-2897,customer,Desiri Gason
479,Francois Winward,466-263-7436,customer,Francois Winward
480,Waylen Gatsby,417-226-1300,customer,Waylen Gatsby
481,Jaquelyn Stoddart,144-603-6177,first aid,Jaquelyn Stoddart
482,Cathe Bellini,334-702-4038,first aid,Cathe Bellini
483,Arlana Dell'Abbate,380-109-6276,first aid,Arlana Dell'Abbate
484,Sonny Iacomettii,248-269-9105,customer,Sonny Iacomettii
485,Emiline Audritt,453-238-1227,customer,Emiline Audritt
486,Elset Drennan,981-461-9712,customer,Elset Drennan
487,Torrance Smalles,811-451-8374,first aid,Torrance Smalles
488,Lana Moth,151-710-1870,customer,Lana Moth
489,Julie Keune,312-841-8974,first aid,Julie Keune
490,Berna Ackroyd,387-188-3683,first aid,Berna Ackroyd
491,Charissa Iorio,174-236-1728,first aid,Charissa Iorio
492,Kiel Nolin,222-393-5833,customer,Kiel Nolin
493,Faun Riquet,626-295-6729,customer,Faun Riquet
494,Bette Gallymore,965-162-8213,customer,Bette Gallymore
495,Tait Conklin,878-909-2214,first aid,Tait Conklin
496,Gilberte Forshaw,519-907-1998,customer,Gilberte Forshaw
497,Ania Gummie,811-575-6156,customer,Ania Gummie
498,Ricardo Spelwood,298-410-4373,customer,Ricardo Spelwood
499,Wallie Withams,250-202-5358,customer,Wallie Withams
500,Thomasin Quakley,107-248-2250,admin,Thomasin Quakley
501,Errick Scay,861-727-1208,first aid,Errick Scay
502,Godfree Capelle,938-968-8294,customer,Godfree Capelle
503,Electra Sher,522-427-0789,customer,Electra Sher
504,Beatrice Philliphs,222-731-6806,first aid,Beatrice Philliphs
505,Renell Houtby,618-776-0892,first aid,Renell Houtby
506,Stanly Theaker,834-792-8629,customer,Stanly Theaker
507,Timi Shapera,958-704-4102,first aid,Timi Shapera
508,Conchita Margerrison,265-317-4066,customer,Conchita Margerrison
509,Harper Cod,957-864-1948,customer,Harper Cod
510,Tessy Arnaud,806-370-5882,admin,Tessy Arnaud
511,Nealy Haverson,277-152-2909,customer,Nealy Haverson
512,Hope Rigardeau,970-304-0037,customer,Hope Rigardeau
513,Suki Korejs,697-816-4261,customer,Suki Korejs
514,Cyril Rodie,533-559-1434,customer,Cyril Rodie
515,Elsie Siaspinski,450-328-9744,customer,Elsie Siaspinski
516,Helen-elizabeth Witcherley,852-885-8254,customer,Helen-elizabeth Witcherley
517,Milena Kingsnod,239-673-5376,customer,Milena Kingsnod
518,Arabelle Courtliff,673-501-4732,first aid,Arabelle Courtliff
519,Jeno Tomczykowski,364-195-9078,first aid,Jeno Tomczykowski
520,Brent Woodsford,174-768-8813,admin,Brent Woodsford
521,Gardener de Villier,501-288-2231,first aid,Gardener de Villier
522,Grace Breckenridge,503-141-4746,customer,Grace Breckenridge
523,Nana Sturmey,381-844-3299,customer,Nana Sturmey
524,Nichols Krebs,605-984-1842,first aid,Nichols Krebs
525,Welch Gallehawk,847-104-5283,admin,Welch Gallehawk
526,Elsi Spottiswoode,381-517-1352,first aid,Elsi Spottiswoode
527,Amandi Thirsk,526-995-3589,first aid,Amandi Thirsk
528,Milicent Jopson,637-353-7778,admin,Milicent Jopson
529,Anthe Gouinlock,356-578-0542,customer,Anthe Gouinlock
530,Carry Ricker,712-960-4972,first aid,Carry Ricker
531,Andee Deaves,352-940-3779,first aid,Andee Deaves
532,Ibby Ritzman,452-730-9103,customer,Ibby Ritzman
533,Coral Charke,330-332-1331,admin,Coral Charke
534,Kiley Whitfeld,729-508-1504,first aid,Kiley Whitfeld
535,Morey Kesten,966-779-9836,admin,Morey Kesten
536,Rahal Kirwin,726-631-7894,first aid,Rahal Kirwin
537,Grant Croshaw,696-441-6203,admin,Grant Croshaw
538,Danny Reboul,408-283-5059,customer,Danny Reboul
539,Creigh Neate,523-640-4800,customer,Creigh Neate
540,Ashely Nassie,275-240-0745,customer,Ashely Nassie
541,Kylie Lowndesbrough,474-321-9216,customer,Kylie Lowndesbrough
542,Tilly Gostridge,285-231-7814,customer,Tilly Gostridge
543,Fax Schaffel,434-236-2497,first aid,Fax Schaffel
544,Alix Bathowe,469-946-7814,customer,Alix Bathowe
545,Willa Beynkn,710-566-1132,customer,Willa Beynkn
546,Mayer Fealy,906-522-7273,first aid,Mayer Fealy
547,Rhona Castagne,136-394-1194,customer,Rhona Castagne
548,Anna-diana Saull,450-722-1649,first aid,Anna-diana Saull
549,Berny Crosham,473-708-8234,first aid,Berny Crosham
550,Leila Janes,971-675-3360,customer,Leila Janes
551,Larina Draycott,577-108-6074,first aid,Larina Draycott
552,Sheela Walicki,601-297-1384,first aid,Sheela Walicki
553,Gui Youens,518-218-2127,first aid,Gui Youens
554,Courtnay Isaksson,662-648-0892,customer,Courtnay Isaksson
555,Ainslie Iannelli,800-244-7916,customer,Ainslie Iannelli
556,Hartley Maile,229-375-0322,first aid,Hartley Maile
557,Karin Pabst,476-250-7702,admin,Karin Pabst
558,Ugo Le land,740-588-9021,admin,Ugo Le land
559,Kara-lynn Henkens,806-929-8547,customer,Kara-lynn Henkens
560,Rosabel Flagg,348-945-8806,first aid,Rosabel Flagg
561,Darell Mallett,196-297-3511,customer,Darell Mallett
562,Padriac Clowley,804-381-8257,admin,Padriac Clowley
563,Rahal Guisot,866-475-4611,first aid,Rahal Guisot
564,Liv Stebbings,720-854-5290,customer,Liv Stebbings
565,Orel Dionisii,118-263-2730,customer,Orel Dionisii
566,Clementine Timperley,347-388-1270,first aid,Clementine Timperley
567,Bliss Clowser,882-376-8638,customer,Bliss Clowser
568,Darda Condict,865-986-8347,customer,Darda Condict
569,Dolley Tainton,309-337-0502,admin,Dolley Tainton
570,Beitris Feechan,718-920-6589,customer,Beitris Feechan
571,Binky Cheson,534-596-2865,customer,Binky Cheson
572,Liesa Manach,538-626-4326,customer,Liesa Manach
573,Leslie Hebditch,746-933-0160,admin,Leslie Hebditch
574,Feodora Baythorp,712-635-0947,customer,Feodora Baythorp
575,Trixy Mauro,992-880-5432,first aid,Trixy Mauro
576,Jarrad Imlin,850-100-7708,customer,Jarrad Imlin
577,Roanna Worvell,508-381-2281,first aid,Roanna Worvell
578,Arlyne Cudihy,272-991-8366,first aid,Arlyne Cudihy
579,Arlee Prinnett,362-876-7596,admin,Arlee Prinnett
580,Sibel Stripling,532-358-4550,customer,Sibel Stripling
581,Land Smickle,726-234-9594,admin,Land Smickle
582,Haleigh Dawltrey,563-689-2380,customer,Haleigh Dawltrey
583,Johnathan Crich,595-390-6572,first aid,Johnathan Crich
584,Abelard Bilbrook,142-910-5596,first aid,Abelard Bilbrook
585,John Piegrome,207-621-0501,first aid,John Piegrome
586,Farrah Garford,516-914-7558,admin,Farrah Garford
587,Glenden Teacy,434-763-1037,customer,Glenden Teacy
588,Nil Demongeot,373-755-0167,customer,Nil Demongeot
589,Gannon Rue,182-275-5993,admin,Gannon Rue
590,Mariette Blas,585-958-6422,customer,Mariette Blas
591,Roddie Pardie,841-400-8752,customer,Roddie Pardie
592,Meara Hounsom,910-735-1640,admin,Meara Hounsom
593,Caty MacIlhargy,301-555-4436,customer,Caty MacIlhargy
594,Jordan Krugmann,362-513-6135,customer,Jordan Krugmann
595,Prescott Barday,609-942-7521,customer,Prescott Barday
596,Heinrick Glauber,275-896-2471,first aid,Heinrick Glauber
597,Patin Challen,916-272-4231,customer,Patin Challen
598,Shaine Swithenby,170-830-6730,customer,Shaine Swithenby
599,Ava Lejeune,589-915-1192,first aid,Ava Lejeune
600,Randolph Iannazzi,706-576-0426,admin,Randolph Iannazzi
601,Kilian Champe,318-759-6991,first aid,Kilian Champe
602,Lilas Daltry,689-603-6677,customer,Lilas Daltry
603,Betta Monni,855-400-3757,first aid,Betta Monni
604,Nealon Heibl,499-296-7392,first aid,Nealon Heibl
605,Chloe Josefowicz,575-688-7242,customer,Chloe Josefowicz
606,Star Loudian,391-277-4776,first aid,Star Loudian
607,Ravid Warrier,735-596-5455,customer,Ravid Warrier
608,Lib Botterman,550-777-6132,admin,Lib Botterman
609,Jocelyn Mattholie,915-523-9099,customer,Jocelyn Mattholie
610,Morgana Tennet,290-450-8392,customer,Morgana Tennet
611,Tatiana Abrahamian,352-992-2990,first aid,Tatiana Abrahamian
612,Edy Fiddler,337-735-2640,first aid,Edy Fiddler
613,Lexy Kitteringham,919-745-3884,first aid,Lexy Kitteringham
614,Chrysa Whall,953-390-1878,customer,Chrysa Whall
615,Beltran Berriman,769-974-4069,customer,Beltran Berriman
616,Courtnay Houston,382-714-5845,first aid,Courtnay Houston
617,Lindie Kingzeth,449-960-6047,first aid,Lindie Kingzeth
618,Emmy Wallenger,898-494-0852,admin,Emmy Wallenger
619,Nikkie Flower,946-872-7617,first aid,Nikkie Flower
620,Kellsie Iwanczyk,485-239-2744,first aid,Kellsie Iwanczyk
621,Cammy Hurt,954-266-1543,first aid,Cammy Hurt
622,Thomasina Probetts,998-134-5228,first aid,Thomasina Probetts
623,Vinni Cockerell,237-752-9976,customer,Vinni Cockerell
624,Hogan Pilgrim,590-188-4029,customer,Hogan Pilgrim
625,Way O'Hollegan,676-834-5488,first aid,Way O'Hollegan
626,Ann-marie Pennycuick,455-777-1885,customer,Ann-marie Pennycuick
627,Loren D'Ruel,995-473-6981,customer,Loren D'Ruel
628,Fielding Dealey,913-140-2949,customer,Fielding Dealey
629,Raviv Guidetti,190-787-3745,admin,Raviv Guidetti
630,Kimberly Stobbe,906-456-9725,customer,Kimberly Stobbe
631,Augustus Bolstridge,590-607-3028,first aid,Augustus Bolstridge
632,Riannon Lamblot,293-563-1973,first aid,Riannon Lamblot
633,Addi Sacase,165-298-0455,customer,Addi Sacase
634,Ag Mulholland,557-212-2935,customer,Ag Mulholland
635,Rafe Wederell,579-388-7300,first aid,Rafe Wederell
636,Trudi Kleinerman,789-142-2161,customer,Trudi Kleinerman
637,Ade Durward,389-488-1359,admin,Ade Durward
638,Dorena Elgy,321-663-5034,customer,Dorena Elgy
639,Tonia Samuels,777-141-3612,customer,Tonia Samuels
640,Hersh Lafranconi,911-111-8152,admin,Hersh Lafranconi
641,Lu Blythe,580-783-8838,customer,Lu Blythe
642,Brooke Greedy,654-891-8021,customer,Brooke Greedy
643,Carolan Fruser,284-658-9530,first aid,Carolan Fruser
644,Debbi Boardman,249-115-7532,customer,Debbi Boardman
645,Tamera Simoncelli,358-269-6026,customer,Tamera Simoncelli
646,Omero De Giorgis,530-106-0048,customer,Omero De Giorgis
647,Lorens Shavel,260-882-5046,customer,Lorens Shavel
648,Giovanna Este,510-758-3299,first aid,Giovanna Este
649,Grazia Addyman,676-556-8168,first aid,Grazia Addyman
650,Ber Langmead,121-630-6126,customer,Ber Langmead
651,Ira Bavin,610-249-2440,customer,Ira Bavin
652,Neille Davis,140-330-3595,first aid,Neille Davis
653,Dorisa Muggleston,986-435-3593,first aid,Dorisa Muggleston
654,Lowe Bosward,546-641-4897,customer,Lowe Bosward
655,Kalina Bellie,233-421-6775,first aid,Kalina Bellie
656,Adair Winspeare,509-513-7057,first aid,Adair Winspeare
657,Benita Dron,756-720-9205,admin,Benita Dron
658,Desirae Mattson,375-616-6326,customer,Desirae Mattson
659,Yardley Caddie,923-810-0955,customer,Yardley Caddie
660,Dorothea Cobelli,466-713-9464,customer,Dorothea Cobelli
661,Floria Henryson,585-171-7271,first aid,Floria Henryson
662,Ibrahim Crux,141-352-9367,first aid,Ibrahim Crux
663,Whitby Westwell,347-192-7073,customer,Whitby Westwell
664,Bernarr Scarce,445-931-3018,first aid,Bernarr Scarce
665,Brandise Staniforth,631-136-0974,customer,Brandise Staniforth
666,Claribel Truin,561-621-9440,admin,Claribel Truin
667,Annabell Firle,147-389-1493,customer,Annabell Firle
668,Francois Spinello,746-139-3210,first aid,Francois Spinello
669,Leighton Brucker,567-148-7685,first aid,Leighton Brucker
670,Carrie Hadye,380-436-3175,customer,Carrie Hadye
671,Ardeen Prenty,586-656-1915,customer,Ardeen Prenty
672,Bridie Banbrigge,813-946-9188,customer,Bridie Banbrigge
673,Reinold Lashford,238-407-6030,customer,Reinold Lashford
674,Margareta Hogbourne,731-522-8299,first aid,Margareta Hogbourne
675,Calv Dwerryhouse,188-671-0668,customer,Calv Dwerryhouse
676,Christy Duncanson,674-320-6456,first aid,Christy Duncanson
677,Clem O'Hoey,854-655-5531,customer,Clem O'Hoey
678,Rex Siemens,190-127-8562,first aid,Rex Siemens
679,Angus Honnan,889-536-4574,customer,Angus Honnan
680,Lisha Rentenbeck,976-949-6908,first aid,Lisha Rentenbeck
681,Biddy Wannan,293-991-3139,first aid,Biddy Wannan
682,Jocelyn Carnell,503-178-4940,customer,Jocelyn Carnell
683,Waverly Tebbett,917-822-5807,customer,Waverly Tebbett
684,Otis Dingsdale,474-183-8939,first aid,Otis Dingsdale
685,Rozanna Lindenfeld,264-819-9459,customer,Rozanna Lindenfeld
686,Nyssa Hainge,641-505-3764,first aid,Nyssa Hainge
687,Skyler Heinreich,423-641-1506,first aid,Skyler Heinreich
688,June Newiss,342-923-5416,first aid,June Newiss
689,Cort Goodred,691-496-4843,customer,Cort Goodred
690,Jaquelin Stiell,562-685-7595,customer,Jaquelin Stiell
691,Cyril Haye,519-809-0048,admin,Cyril Haye
692,Fairlie Spini,332-894-6127,first aid,Fairlie Spini
693,Pennie Thowless,672-119-6270,admin,Pennie Thowless
694,Warner Koppe,376-417-6114,customer,Warner Koppe
695,Hadlee Reitenbach,162-212-8573,customer,Hadlee Reitenbach
696,Salmon Hacun,666-709-1335,first aid,Salmon Hacun
697,Rudyard Climar,634-289-4903,customer,Rudyard Climar
698,Gram Sore,756-539-5020,customer,Gram Sore
699,Katy Bubbins,366-168-4766,customer,Katy Bubbins
700,Deanna Finden,102-554-1491,customer,Deanna Finden
701,Grete Scandrick,131-282-7517,customer,Grete Scandrick
702,Olenka Durno,582-182-0036,first aid,Olenka Durno
703,Lindon De Ambrosis,268-373-0478,customer,Lindon De Ambrosis
704,Pattin Beetham,622-806-1095,customer,Pattin Beetham
705,Millisent Lindfors,924-208-4360,customer,Millisent Lindfors
706,Rodrique Rayworth,324-421-6910,admin,Rodrique Rayworth
707,Hanna Govinlock,299-430-5512,customer,Hanna Govinlock
708,Abdel Skillicorn,377-833-2516,customer,Abdel Skillicorn
709,Edmund Santori,234-350-3609,admin,Edmund Santori
710,Briggs Seivwright,619-496-0946,customer,Briggs Seivwright
711,Chaunce Crookall,409-871-5545,customer,Chaunce Crookall
712,Jackquelin Blenkin,936-894-8301,first aid,Jackquelin Blenkin
713,Yorke Bustard,558-884-3465,customer,Yorke Bustard
714,Korry Greenig,185-244-5010,first aid,Korry Greenig
715,Katrina Binney,738-198-2116,first aid,Katrina Binney
716,Darlene Arkwright,991-673-3702,customer,Darlene Arkwright
717,Albertina Esilmon,528-634-2194,customer,Albertina Esilmon
718,Vallie Gasnell,230-985-8402,customer,Vallie Gasnell
719,Karrah Toffalo,982-905-5098,customer,Karrah Toffalo
720,Carie Dumke,449-798-3702,customer,Carie Dumke
721,Malinde Dearing,602-623-6559,customer,Malinde Dearing
722,Son Wellstead,237-183-1315,customer,Son Wellstead
723,Dimitry Wison,634-289-3099,first aid,Dimitry Wison
724,Vernor Mulryan,683-944-0810,customer,Vernor Mulryan
725,Gussie Loft,236-362-0514,customer,Gussie Loft
726,Forester Skatcher,255-173-5735,first aid,Forester Skatcher
727,Thatch Ummfrey,759-770-3320,admin,Thatch Ummfrey
728,Fredek Carlone,975-849-7829,customer,Fredek Carlone
729,Greggory Esposi,280-243-2682,customer,Greggory Esposi
730,Adelina Bardsley,566-435-4962,admin,Adelina Bardsley
731,Broddie Munnis,319-435-1946,customer,Broddie Munnis
732,Tanny Hurlin,889-786-0272,customer,Tanny Hurlin
733,Ferdie Matheson,453-394-4640,first aid,Ferdie Matheson
734,Alverta Cluer,695-129-3073,customer,Alverta Cluer
735,Yule Mohun,124-173-9645,customer,Yule Mohun
736,Hildagard Bickardike,911-357-9782,customer,Hildagard Bickardike
737,Annabella Godard,510-173-6352,first aid,Annabella Godard
738,Janeta Galpen,541-732-6015,first aid,Janeta Galpen
739,Dawna Pfeuffer,591-702-7263,customer,Dawna Pfeuffer
740,Rea Chimenti,935-601-8051,customer,Rea Chimenti
741,Ariadne Rodrigues,287-720-3607,customer,Ariadne Rodrigues
742,Pris Swansbury,418-921-5187,admin,Pris Swansbury
743,Antony Peakman,904-568-3475,customer,Antony Peakman
744,Lynsey Menary,583-431-8841,first aid,Lynsey Menary
745,Jacklin Catlette,648-191-5924,customer,Jacklin Catlette
746,Cacilie Dunley,338-260-7301,customer,Cacilie Dunley
747,Humfrey Kubanek,116-867-0202,customer,Humfrey Kubanek
748,Fabian Muckeen,632-199-6611,customer,Fabian Muckeen
749,Tana Kynge,532-463-9272,customer,Tana Kynge
750,Blanca Parchment,655-507-4015,customer,Blanca Parchment
751,Kerri Acott,443-167-4653,first aid,Kerri Acott
752,Nickolaus Dobrowlski,654-260-9296,customer,Nickolaus Dobrowlski
753,Alberto Corbie,777-194-5134,first aid,Alberto Corbie
754,Rutherford Barrows,672-429-3803,customer,Rutherford Barrows
755,Aigneis McCloch,421-615-6930,customer,Aigneis McCloch
756,Evaleen Keppy,571-465-5437,customer,Evaleen Keppy
757,Honoria Elvey,127-310-2148,customer,Honoria Elvey
758,Marlow Boyan,126-479-6730,first aid,Marlow Boyan
759,Merrill Lumsdaine,287-776-1908,customer,Merrill Lumsdaine
760,Merrielle Micheu,309-114-7959,admin,Merrielle Micheu
761,Wyndham Morter,288-469-4593,first aid,Wyndham Morter
762,Kaia Lukasik,577-979-8626,customer,Kaia Lukasik
763,Trudey Scammell,582-553-4921,customer,Trudey Scammell
764,Kipp Laxson,631-758-5292,customer,Kipp Laxson
765,Ingaberg Voysey,475-211-9297,first aid,Ingaberg Voysey
766,Hanson Cribbott,586-441-5086,admin,Hanson Cribbott
767,Lissy Denekamp,261-922-4339,first aid,Lissy Denekamp
768,Franklyn Poulsen,813-754-2207,first aid,Franklyn Poulsen
769,Devondra Dumelow,894-933-7290,customer,Devondra Dumelow
770,Berton Melbert,263-850-8083,customer,Berton Melbert
771,Erl Penbarthy,798-684-5197,customer,Erl Penbarthy
772,Minni Patnelli,387-135-7230,first aid,Minni Patnelli
773,Janeen Antonias,281-763-6055,admin,Janeen Antonias
774,Adams Benyan,582-675-3896,admin,Adams Benyan
775,Samaria Martinello,332-866-3913,first aid,Samaria Martinello
776,Constantine Willden,403-565-7243,customer,Constantine Willden
777,Saloma Jillis,195-670-3989,first aid,Saloma Jillis
778,Brade Bretherick,957-209-5662,customer,Brade Bretherick
779,Augusta Steventon,825-997-6874,customer,Augusta Steventon
780,Gussie Hawlgarth,492-316-1084,customer,Gussie Hawlgarth
781,Sabra Tennison,728-106-3029,admin,Sabra Tennison
782,Arlie Partington,211-471-8390,customer,Arlie Partington
783,Kaylee Langwade,597-490-9590,customer,Kaylee Langwade
784,Robers Rissen,921-849-7816,admin,Robers Rissen
785,Harrison Farrow,515-565-4077,first aid,Harrison Farrow
786,Kirsteni Monard,430-370-1995,admin,Kirsteni Monard
787,Rob Wybern,294-769-9249,admin,Rob Wybern
788,Rhiamon Philipeau,877-591-2385,customer,Rhiamon Philipeau
789,Erl MacLardie,999-438-5177,customer,Erl MacLardie
790,Augie Trundell,591-167-8699,first aid,Augie Trundell
791,Rik Stiegar,775-717-6954,admin,Rik Stiegar
792,Andonis Dunseith,726-619-5668,first aid,Andonis Dunseith
793,Zitella Steinhammer,623-859-0103,first aid,Zitella Steinhammer
794,Krissie Yepiskov,888-523-8497,admin,Krissie Yepiskov
795,Brana Lonsdale,334-766-0835,admin,Brana Lonsdale
796,Claudelle Gunning,276-492-2339,first aid,Claudelle Gunning
797,Dannye Penelli,388-670-3723,customer,Dannye Penelli
798,Ava Sanbrook,438-715-2067,first aid,Ava Sanbrook
799,Drusy Fairburne,321-122-2996,customer,Drusy Fairburne
800,Elizabeth Housen,116-178-9799,admin,Elizabeth Housen
801,Cookie Leuchars,835-356-0723,customer,Cookie Leuchars
802,Kristi Ortells,446-704-2725,admin,Kristi Ortells
803,Emile Harte,637-284-8888,customer,Emile Harte
804,Waite Bechley,604-662-2535,customer,Waite Bechley
805,Lisabeth Pitrelli,817-554-9715,customer,Lisabeth Pitrelli
806,Rhiamon Bohman,167-611-3712,first aid,Rhiamon Bohman
807,Brendan Colvine,975-451-4674,customer,Brendan Colvine
808,Dolly McPartling,401-672-6431,first aid,Dolly McPartling
809,Valentine Condict,441-705-2795,customer,Valentine Condict
810,Consuela Bensen,525-196-2739,first aid,Consuela Bensen
811,Liuka Clooney,673-564-5351,first aid,Liuka Clooney
812,Brooks Pagen,770-347-9840,customer,Brooks Pagen
813,Brittne Gerge,863-498-5436,customer,Brittne Gerge
814,Aloysius Wingrove,422-286-7025,customer,Aloysius Wingrove
815,Olav Hurcombe,772-635-0669,admin,Olav Hurcombe
816,Madeline Sollner,136-266-3045,customer,Madeline Sollner
817,Clarissa Lampitt,853-450-2269,first aid,Clarissa Lampitt
818,Ema Wimpenny,890-917-9516,admin,Ema Wimpenny
819,Marje Planque,842-494-3397,customer,Marje Planque
820,Rosie Yuryev,116-584-2245,customer,Rosie Yuryev
821,Moritz Stonhard,660-118-8685,first aid,Moritz Stonhard
822,Putnam Leed,682-899-8676,customer,Putnam Leed
823,Conant Schooley,619-349-1941,customer,Conant Schooley
824,Angeline Andreotti,679-200-2517,admin,Angeline Andreotti
825,Hadlee Josey,885-651-9381,customer,Hadlee Josey
826,Kassia Lynam,203-888-9429,customer,Kassia Lynam
827,Salvador Layland,756-831-7648,first aid,Salvador Layland
828,Caye Fishbourn,878-815-0984,admin,Caye Fishbourn
829,Darryl Dienes,703-234-4442,admin,Darryl Dienes
830,Linea Ivanshintsev,353-505-9887,first aid,Linea Ivanshintsev
831,Enrique Dillow,740-323-6314,first aid,Enrique Dillow
832,Marcelline Lammenga,225-803-9009,customer,Marcelline Lammenga
833,Rosaleen Cowill,379-594-1996,customer,Rosaleen Cowill
834,Davin McLean,900-340-7041,admin,Davin McLean
835,Cornelia Tal,426-265-8843,first aid,Cornelia Tal
836,Tasia Laherty,884-564-2496,customer,Tasia Laherty
837,Tally Raoul,876-516-2166,customer,Tally Raoul
838,Herman Feak,459-716-4710,customer,Herman Feak
839,Sid Starking,805-983-1987,first aid,Sid Starking
840,Joete Baumler,967-673-3500,customer,Joete Baumler
841,Rafaello Pollins,716-782-6885,customer,Rafaello Pollins
842,Veronica Karslake,582-540-7078,customer,Veronica Karslake
843,Gnni Chicken,504-508-7278,customer,Gnni Chicken
844,Celeste Standring,788-438-4418,admin,Celeste Standring
845,Ethelind Clunie,191-628-2864,first aid,Ethelind Clunie
846,Garner Diggle,295-979-8307,customer,Garner Diggle
847,Freedman Twopenny,312-961-7572,customer,Freedman Twopenny
848,Nertie Tunnah,445-812-4056,customer,Nertie Tunnah
849,Florrie Nestoruk,197-930-5844,first aid,Florrie Nestoruk
850,Tamara Dewsnap,312-680-8783,customer,Tamara Dewsnap
851,Hallie Utton,686-450-7177,admin,Hallie Utton
852,Cristen Ivie,708-372-6310,first aid,Cristen Ivie
853,Kristos Paynes,724-650-9599,customer,Kristos Paynes
854,Letizia Strangwood,803-745-5428,customer,Letizia Strangwood
855,Flory Dalrymple,340-527-0371,first aid,Flory Dalrymple
856,Engelbert Paolacci,170-817-9328,customer,Engelbert Paolacci
857,Paige Brimner,912-500-6656,customer,Paige Brimner
858,Jack Gummary,181-847-5538,customer,Jack Gummary
859,Cordelie Roussel,850-521-2878,customer,Cordelie Roussel
860,Kit Halladey,548-334-0488,first aid,Kit Halladey
861,Antone Mackett,245-949-7519,first aid,Antone Mackett
862,Elset Capelin,366-649-4479,customer,Elset Capelin
863,Hephzibah Schollick,779-429-9888,customer,Hephzibah Schollick
864,Ignacio Common,461-402-7441,customer,Ignacio Common
865,Ferrell Geerits,528-832-6113,first aid,Ferrell Geerits
866,Romola Johnston,952-160-7857,customer,Romola Johnston
867,Lolly Chasle,889-406-1088,admin,Lolly Chasle
868,Dew Lethbridge,509-715-7978,customer,Dew Lethbridge
869,Gamaliel Horwell,931-717-9950,customer,Gamaliel Horwell
870,Myrtice Bocock,534-651-9559,first aid,Myrtice Bocock
871,Bordy Tinman,464-332-4242,admin,Bordy Tinman
872,Kimberly Tomsett,896-879-6553,admin,Kimberly Tomsett
873,Rafa Elder,520-781-2594,first aid,Rafa Elder
874,Jard Easson,989-541-2911,first aid,Jard Easson
875,Godfree Mayhew,514-521-0908,customer,Godfree Mayhew
876,Thorvald Hinz,877-235-2575,first aid,Thorvald Hinz
877,Moritz Graves,395-296-2018,first aid,Moritz Graves
878,Ban Aspinwall,453-496-7939,customer,Ban Aspinwall
879,Valentine Pointon,152-782-5527,customer,Valentine Pointon
880,Corenda Bamb,821-887-5044,customer,Corenda Bamb
881,Nicoline Gasson,676-421-4222,first aid,Nicoline Gasson
882,Clementius O'Mullally,170-286-5906,customer,Clementius O'Mullally
883,Papagena Bumby,718-139-3439,first aid,Papagena Bumby
884,Munroe Greschik,622-265-7228,admin,Munroe Greschik
885,Forbes Beattie,917-102-1550,first aid,Forbes Beattie
886,Gerty Farfoot,346-682-9028,customer,Gerty Farfoot
887,Alejandra Matusson,135-206-9229,customer,Alejandra Matusson
888,Analise Sheed,925-614-4442,customer,Analise Sheed
889,Fiona Shellum,284-329-5205,admin,Fiona Shellum
890,Whitney Giorgio,678-243-3188,customer,Whitney Giorgio
891,Ddene Gawen,525-831-9553,first aid,Ddene Gawen
892,Karim Currie,971-317-7694,first aid,Karim Currie
893,Jard O'Lahy,790-632-5965,customer,Jard O'Lahy
894,Aida Dewis,242-480-6949,first aid,Aida Dewis
895,Dulcea Dyment,261-427-4810,customer,Dulcea Dyment
896,Rosanna Andreev,628-418-4506,customer,Rosanna Andreev
897,Beulah Kohring,119-293-7859,first aid,Beulah Kohring
898,Sarge Cicerone,805-288-0425,customer,Sarge Cicerone
899,Athene Matula,143-639-1495,customer,Athene Matula
900,Reinwald Corby,494-660-8135,customer,Reinwald Corby
901,Adelice Whopples,554-379-5072,admin,Adelice Whopples
902,Edgard Foddy,703-281-6443,admin,Edgard Foddy
903,Benjie Barwise,284-352-0901,first aid,Benjie Barwise
904,Dorey Megarrell,535-205-2659,first aid,Dorey Megarrell
905,Wally Kynder,880-118-3553,customer,Wally Kynder
906,Marilyn Buckthorp,165-137-0899,customer,Marilyn Buckthorp
907,Merissa Thorwarth,221-443-2753,first aid,Merissa Thorwarth
908,Levon Cuthill,413-409-8680,customer,Levon Cuthill
909,Collete Bartak,472-629-3797,customer,Collete Bartak
910,Hailey Verdey,160-139-7698,customer,Hailey Verdey
911,Chickie Bertelmot,242-933-1471,admin,Chickie Bertelmot
912,Cherey De Dantesie,787-640-1725,admin,Cherey De Dantesie
913,Emilia Justice,742-668-9654,first aid,Emilia Justice
914,Michell Sivill,160-888-7797,customer,Michell Sivill
915,Ham Morrow,424-239-8993,first aid,Ham Morrow
916,Myrah Hayfield,848-198-9326,first aid,Myrah Hayfield
917,Dusty McCaskill,787-135-8953,admin,Dusty McCaskill
918,Stevana Blooman,171-516-8256,first aid,Stevana Blooman
919,Bertrando Gladyer,752-560-4662,customer,Bertrando Gladyer
920,Tasha Poytheras,579-511-2717,first aid,Tasha Poytheras
921,Novelia Cawthera,839-221-1995,customer,Novelia Cawthera
922,Gui Bulward,417-586-3257,first aid,Gui Bulward
923,Lalo Broader,272-534-9891,first aid,Lalo Broader
924,Linus Stolle,801-370-3510,customer,Linus Stolle
925,Crysta Cooling,126-570-0073,first aid,Crysta Cooling
926,Viviyan Beardsell,416-767-2251,customer,Viviyan Beardsell
927,Jenna Lingley,203-452-8684,first aid,Jenna Lingley
928,Lyndel MacGregor,726-529-6688,admin,Lyndel MacGregor
929,Sondra Virgo,128-376-4753,customer,Sondra Virgo
930,Tye Ranscome,925-630-6036,first aid,Tye Ranscome
931,Cullen Joska,274-981-0285,first aid,Cullen Joska
932,Jules Legion,130-712-2186,customer,Jules Legion
933,Jillene Benjamin,467-767-2014,customer,Jillene Benjamin
934,Gerrard Laviss,904-475-9170,first aid,Gerrard Laviss
935,Karry Pourveer,822-657-7315,first aid,Karry Pourveer
936,Bobbe Salway,180-912-3071,admin,Bobbe Salway
937,Tracy Elward,621-752-9036,first aid,Tracy Elward
938,Tammy Benoy,888-783-8785,customer,Tammy Benoy
939,Adara Rudeyeard,657-851-7056,first aid,Adara Rudeyeard
940,Eyde Ertel,414-541-0913,first aid,Eyde Ertel
941,Neille Bowles,603-862-6709,customer,Neille Bowles
942,Ole Synder,410-656-2278,first aid,Ole Synder
943,Aviva Southam,656-450-5128,first aid,Aviva Southam
944,Yorgo Grigorini,545-765-6035,admin,Yorgo Grigorini
945,Rhonda Skene,127-432-0621,customer,Rhonda Skene
946,Rockie Mossom,843-619-3941,customer,Rockie Mossom
947,Cody Penchen,743-129-5504,customer,Cody Penchen
948,Trevar Firman,192-235-2365,customer,Trevar Firman
949,Renado Matthews,135-993-0296,customer,Renado Matthews
950,Wenonah Campana,569-716-7428,customer,Wenonah Campana
951,Lawrence Fandrich,313-437-3677,first aid,Lawrence Fandrich
952,Riobard Hacking,402-212-8346,customer,Riobard Hacking
953,Polly Lamy,889-755-6115,customer,Polly Lamy
954,Almire Kobus,157-307-4636,customer,Almire Kobus
955,Ofilia Knifton,942-913-2362,customer,Ofilia Knifton
956,Karmen Swafford,722-129-4985,first aid,Karmen Swafford
957,Waly Landeg,690-280-1501,first aid,Waly Landeg
958,Rani Krates,181-654-6309,admin,Rani Krates
959,Ruby Tremellan,729-833-5140,customer,Ruby Tremellan
960,Dix Hovenden,615-467-1534,first aid,Dix Hovenden
961,Denise Cardiff,915-845-1333,customer,Denise Cardiff
962,Clementina Van der Linde,575-134-5271,customer,Clementina Van der Linde
963,Nicola Reboulet,307-973-2085,admin,Nicola Reboulet
964,Brandy Hogben,920-528-1513,customer,Brandy Hogben
965,Carlota Klarzynski,963-690-8293,customer,Carlota Klarzynski
966,Sondra McGahy,842-518-0507,customer,Sondra McGahy
967,Phillis Vasiliev,433-528-7016,admin,Phillis Vasiliev
968,Nolan Crossman,558-297-7072,customer,Nolan Crossman
969,Letty Tolfrey,647-621-0401,first aid,Letty Tolfrey
970,Josie Jorgesen,484-265-9080,customer,Josie Jorgesen
971,Leontine Center,251-194-8590,customer,Leontine Center
972,Deana Szwarc,178-494-3199,customer,Deana Szwarc
973,Parry Hay,831-102-1011,customer,Parry Hay
974,Nikolia Ranald,834-628-5574,admin,Nikolia Ranald
975,Broddie Milberry,706-844-9052,first aid,Broddie Milberry
976,Noll Pepin,785-302-8095,first aid,Noll Pepin
977,Marley Tenwick,892-659-8760,first aid,Marley Tenwick
978,Gaby Murthwaite,807-522-4845,first aid,Gaby Murthwaite
979,Amye Krysztofowicz,465-568-3492,customer,Amye Krysztofowicz
980,Clarey Kob,517-102-3049,customer,Clarey Kob
981,Trent Blackly,127-298-7574,customer,Trent Blackly
982,Octavia Markushkin,438-542-5837,customer,Octavia Markushkin
983,Torrin Cousens,758-884-7465,customer,Torrin Cousens
984,Herta Stopper,515-693-4840,customer,Herta Stopper
985,Jeanna Monsey,850-460-4053,customer,Jeanna Monsey
986,Oliy Rozalski,135-538-4102,customer,Oliy Rozalski
987,Padgett Siggin,407-549-1482,customer,Padgett Siggin
988,Joshua O'Corrigane,231-390-0465,customer,Joshua O'Corrigane
989,Eduino Snalom,532-544-9914,customer,Eduino Snalom
990,Celestyn Janik,691-703-4428,first aid,Celestyn Janik
991,Dehlia Lockie,994-240-3427,customer,Dehlia Lockie
992,Tallie Ioannidis,269-307-6034,first aid,Tallie Ioannidis
993,Willamina Kybird,637-438-1864,first aid,Willamina Kybird
994,Gwenette Dicken,742-913-4192,first aid,Gwenette Dicken
995,Christabella Ubsdale,230-512-7942,customer,Christabella Ubsdale
996,Lindsay Leadbitter,919-847-4646,customer,Lindsay Leadbitter
997,Jessie Buzin,909-402-9618,customer,Jessie Buzin
998,Zerk Sturley,481-263-7963,admin,Zerk Sturley
999,Gerald Raddin,878-384-2115,customer,Gerald Raddin
1000,Ancell Thomason,874-740-2087,customer,Ancell Thomason
