id,first_name,last_name,phone,role,password
1,admin,admin,195-647-6246,admin,a
2,Océanne,Dudek,619-310-7854,admin,2
3,Séverine,Wills,197-900-7346,first aid,3
4,Solène,De Bischof,643-105-1050,first aid,4
5,Joséphine,Norree,217-509-4786,first aid,5
6,Rachèle,Abade,385-692-1527,first aid,6
7,Alizée,Goff,875-985-5887,first aid,7
8,Maëlys,Hawker,299-716-8527,first aid,8
9,Andréa,Adamski,444-316-6754,customer,9
10,Simplifiés,Crumbie,272-461-7194,first aid,10
11,Gaëlle,Marchington,412-253-1211,customer,11
12,Annotés,Spittall,180-415-0417,first aid,12
13,Stévina,Lorenz,597-538-3634,customer,13
14,Adélie,Shewry,915-356-3656,first aid,14
15,Cléopatre,Rigeby,509-408-6192,customer,15
16,Athéna,Hext,494-275-4280,first aid,16
17,Andréa,Whyatt,393-441-7910,customer,17
18,Maïly,Yude,906-430-6684,customer,18
19,Bérénice,Patsall,615-226-7229,first aid,19
20,Lucrèce,Coarser,473-316-7547,first aid,20
21,Célestine,Hagley,544-328-0782,first aid,21
22,Inès,Labdon,444-697-8298,first aid,22
23,Médiamass,Skehan,140-557-4370,customer,23
24,Torbjörn,Krale,761-809-3583,customer,24
25,Maëlys,Trinder,812-412-7552,admin,25
26,André,Fennelow,507-156-2044,admin,26
27,Irène,Ferebee,871-981-6214,customer,27
28,Marie-noël,Boatwright,750-514-0342,first aid,28
29,Athéna,Eblein,716-223-9862,first aid,29
30,Daphnée,Abilowitz,863-651-2817,customer,30
31,Pélagie,Botly,808-686-9079,customer,31
32,Cloé,Seywood,797-203-5537,customer,32
33,Magdalène,Blaw,516-663-5054,customer,33
34,Hélèna,Dumper,465-660-6980,first aid,34
35,Loïca,Dik,945-157-4750,customer,35
36,Kallisté,Prenty,672-498-9972,customer,36
37,Maëlann,Merrilees,825-420-2265,customer,37
38,Marie-françoise,Blackader,856-818-2544,first aid,38
39,Aloïs,Pace,496-499-6013,customer,39
40,Léonore,Tidd,685-760-0407,first aid,40
41,Gaétane,Manueau,721-406-7976,customer,41
42,Zoé,Bunnell,597-422-2873,admin,42
43,Torbjörn,Rabb,380-741-2342,customer,43
44,Göran,Kellick,967-632-8741,customer,44
45,Bérengère,Parslow,878-232-9018,first aid,45
46,Táng,McTavish,604-927-6824,admin,46
47,Táng,Stuke,500-693-5585,customer,47
48,Béatrice,Ledwitch,832-605-6782,first aid,48
49,Garçon,Karet,411-288-3162,customer,49
50,Kévina,Malling,370-334-1405,customer,50
51,Cléopatre,Markwelley,193-221-6711,customer,51
52,Aí,Garfitt,247-518-1419,customer,52
53,Erwéi,Blakden,783-881-1431,customer,53
54,Görel,O'Lahy,597-881-9135,admin,54
55,Médiamass,Benger,739-647-9179,first aid,55
56,Gisèle,Strewthers,870-736-2090,first aid,56
57,Zhì,Grob,789-556-8136,admin,57
58,Östen,Cogin,621-704-6786,customer,58
59,Dafnée,Plumm,517-504-0850,customer,59
60,Örjan,Goodlad,735-819-3141,first aid,60
61,Maïté,Standage,997-858-6130,customer,61
62,Desirée,Pezey,531-114-3996,customer,62
63,Irène,Pesik,661-188-0766,customer,63
64,Lóng,Snelle,711-959-3747,first aid,64
65,Mélia,Larner,499-123-6197,first aid,65
66,Félicie,Blackett,544-653-1039,customer,66
67,Ophélie,Damsell,643-663-7161,first aid,67
68,Garçon,Hawkings,586-890-2594,customer,68
69,Styrbjörn,Ambroise,841-288-0762,first aid,69
70,Personnalisée,Cutforth,174-195-8169,first aid,70
71,Léane,Reisk,271-974-9221,customer,71
72,Stéphanie,Rawlingson,130-797-4656,customer,72
73,Léone,Beyne,766-332-0953,customer,73
74,Gisèle,Rainville,710-186-1627,first aid,74
75,Maëlle,Poupard,236-823-9238,customer,75
76,Uò,Cassin,968-938-1612,first aid,76
77,Desirée,Reany,633-968-4797,customer,77
78,Bérénice,Goodred,766-233-4589,customer,78
79,Lèi,Jelks,905-447-3017,first aid,79
80,Ráo,Clemmensen,179-479-2532,customer,80
81,Bénédicte,Salling,900-697-7746,customer,81
82,Rachèle,Dugdale,897-597-0256,customer,82
83,Tán,Waiton,959-983-2688,customer,83
84,Séverine,Ellard,367-288-5384,first aid,84
85,Eléonore,Hemphrey,364-337-6350,first aid,85
86,Gisèle,Cartmer,334-120-7912,admin,86
87,Léana,Horsfield,945-377-6597,first aid,87
88,Néhémie,Pittford,211-309-6639,customer,88
89,Kuí,Fergyson,711-155-4593,first aid,89
90,Pò,Garralts,368-996-4883,admin,90
91,Gisèle,Goodie,899-758-1068,first aid,91
92,Laurélie,Shegog,799-925-7050,customer,92
93,Eliès,Helsdon,672-684-1845,customer,93
94,Loïca,Culleton,911-133-2526,first aid,94
95,Nélie,Wetherick,133-551-0673,customer,95
96,Eléonore,Nickerson,781-750-6295,customer,96
97,Lèi,Bolan,659-109-6787,first aid,97
98,Illustrée,Mathewson,346-554-9725,first aid,98
99,Mén,Dunckley,557-310-2492,first aid,99
100,Edmée,Coplestone,748-557-8882,customer,100
101,Ráo,Bergin,970-849-4221,first aid,101
102,Tán,Challenger,780-885-5850,customer,102
103,Adélie,Ingerith,997-268-5624,customer,103
104,Maéna,Munson,283-530-5069,first aid,104
105,Anaëlle,Oxterby,865-969-3949,customer,105
106,Maïlis,Ganny,275-161-9173,customer,106
107,Valérie,Feyer,452-996-2473,customer,107
108,Ophélie,Debold,713-458-1549,first aid,108
109,Marie-hélène,Ballard,440-537-4167,first aid,109
110,Céline,Diament,259-342-5695,customer,110
111,Athéna,Nelle,605-373-8498,customer,111
112,Märta,deKnevet,744-458-5362,customer,112
113,Mélia,Rudsdell,360-926-2169,first aid,113
114,Börje,Bergin,791-643-3860,customer,114
115,Torbjörn,Ivashov,346-517-6089,customer,115
116,Céline,Kennedy,675-928-5493,customer,116
117,Esbjörn,Horbath,760-198-1256,first aid,117
118,Mélinda,Ovett,949-319-7290,customer,118
119,Mårten,Fison,237-120-3281,admin,119
120,Zhì,Anglim,216-539-7908,first aid,120
121,Camélia,Sinnocke,407-410-9228,admin,121
122,Naëlle,Codner,221-453-7159,customer,122
123,Renée,Measey,876-305-1175,customer,123
124,Laurène,Clilverd,593-499-5502,first aid,124
125,Mélodie,Forge,613-124-4612,admin,125
126,Aurélie,Bolin,403-353-9744,customer,126
127,Adélie,Knightsbridge,229-443-2082,customer,127
128,Céline,MacDermand,631-122-9442,admin,128
129,Séverine,Borzone,402-663-0782,admin,129
130,Solène,Statham,293-325-5141,first aid,130
131,Annotée,Crohan,178-115-9397,customer,131
132,Cloé,Burdett,128-943-1152,first aid,132
133,Agnès,Hollidge,627-649-3665,customer,133
134,Célia,Constant,698-290-6044,first aid,134
135,Marylène,Cockshut,962-915-0694,customer,135
136,Örjan,Greatrakes,124-815-1729,first aid,136
137,Garçon,Macbeth,346-112-9312,admin,137
138,Märta,Epsly,398-642-2414,first aid,138
139,Médiamass,Stiant,138-699-1309,customer,139
140,Céline,Marklow,279-137-4360,first aid,140
141,Anaé,Pockett,571-909-0279,first aid,141
142,Maëline,McCarlich,202-226-5865,admin,142
143,Jú,Bugg,145-783-7445,customer,143
144,Mélodie,Rowden,365-823-1549,customer,144
145,Salomé,Willstrop,936-123-4692,customer,145
146,Célia,Kidstone,954-302-2823,customer,146
147,Illustrée,Mourbey,203-556-2944,customer,147
148,Frédérique,Rings,466-954-7039,customer,148
149,Méthode,Hyett,995-650-5361,admin,149
150,Agnès,Morson,747-386-9211,first aid,150
151,Publicité,Swepson,626-825-9284,customer,151
152,Östen,Savage,835-960-1631,first aid,152
153,Lài,MacDiarmond,240-343-5973,customer,153
154,Inès,Mycock,518-339-3344,customer,154
155,Cléopatre,Rulten,574-227-3370,admin,155
156,Yè,Conklin,830-600-2205,customer,156
157,Dù,Baldam,497-666-0985,first aid,157
158,Mylène,Ingreda,535-456-7992,customer,158
159,Estève,Farfull,594-171-1773,first aid,159
160,Maëline,Conor,319-506-2211,admin,160
161,Marlène,Phettiplace,546-364-1454,admin,161
162,Adèle,Sprigging,288-426-8347,first aid,162
163,Gösta,Bradberry,116-775-5692,customer,163
164,Chloé,Lestor,749-122-9759,first aid,164
165,Maëlle,Molen,555-553-3343,customer,165
166,Personnalisée,Harteley,437-810-6071,customer,166
167,Styrbjörn,Pietesch,401-657-4099,first aid,167
168,Laïla,Sturte,203-840-5648,admin,168
169,Rachèle,Taig,179-221-9955,admin,169
170,Mylène,Spurge,565-895-4843,customer,170
171,Réjane,Doerling,989-220-5752,first aid,171
172,Kù,Snelman,273-167-4605,customer,172
173,Håkan,Randales,252-727-5024,customer,173
174,Cléopatre,Jestico,698-588-2793,first aid,174
175,Lén,Treen,860-150-8741,customer,175
176,Torbjörn,Dunnet,214-643-1045,first aid,176
177,Célia,Bonnier,120-425-4587,first aid,177
178,Åslög,Record,560-919-3240,first aid,178
179,Gaétane,Whitehead,998-153-2347,customer,179
180,Anaïs,Trevethan,113-984-5793,customer,180
181,Dù,De Zamudio,251-416-8889,customer,181
182,Gwenaëlle,Grzelczyk,545-694-1057,admin,182
183,Åsa,Pantecost,194-566-1754,first aid,183
184,Laurène,Greenman,830-115-3907,first aid,184
185,Stéphanie,Godfree,788-416-5664,customer,185
186,Börje,Birkby,147-950-7631,first aid,186
187,Célia,Brasted,912-537-1187,customer,187
188,Börje,Picken,556-454-3133,first aid,188
189,Léone,Senecaut,523-844-9925,admin,189
190,Rachèle,Yabsley,833-315-1435,admin,190
191,Maëly,Treece,469-208-0284,admin,191
192,Aurélie,Eglaise,953-419-5671,admin,192
193,Cécile,Torres,369-635-3637,customer,193
194,Marie-ève,Gowthrop,715-671-6390,admin,194
195,Geneviève,Blessed,403-482-3164,admin,195
196,Örjan,Pickerell,505-117-8176,customer,196
197,Amélie,Szymanzyk,999-110-6724,customer,197
198,Rébecca,Pimbley,455-642-9684,admin,198
199,Ruì,Extill,865-147-1031,customer,199
200,Eloïse,Ropcke,678-845-2030,first aid,200
201,Maëly,Davison,150-482-4676,customer,201
202,Mårten,Dysert,824-446-0655,customer,202
203,Jú,Stanes,150-188-6472,first aid,203
204,Dorothée,Lovelace,704-353-0829,first aid,204
205,Wá,Bysshe,840-485-4256,customer,205
206,Eloïse,Lorenzin,699-684-1988,first aid,206
207,Athéna,Scurlock,604-502-8347,customer,207
208,Mylène,Warn,522-756-4815,customer,208
209,Thérèsa,Hannan,724-757-6458,customer,209
210,Agnès,McDuall,552-729-4613,customer,210
211,Hélène,McVitie,427-469-3458,customer,211
212,Yè,Hein,837-466-3898,customer,212
213,Kù,Ankers,606-225-9805,first aid,213
214,Styrbjörn,Joscelyn,484-352-0070,first aid,214
215,Publicité,Bogeys,248-505-4393,customer,215
216,Chloé,Willgoose,295-540-0353,first aid,216
217,Aloïs,Mulroy,321-567-3678,first aid,217
218,Mà,Keune,436-892-2696,customer,218
219,Zoé,McIlhatton,779-668-5133,first aid,219
220,Loïca,Booler,907-315-3931,customer,220
221,Nélie,Viles,513-985-6512,customer,221
222,Bénédicte,Wheatcroft,844-642-4534,first aid,222
223,Jú,Yushachkov,163-269-7615,customer,223
224,Danièle,Attewell,723-668-9641,customer,224
225,Noémie,Bleacher,151-996-0354,first aid,225
226,Marylène,Seares,762-515-5033,customer,226
227,Thérèsa,Spry,118-321-1093,first aid,227
228,Danièle,Swanton,461-793-7662,customer,228
229,Lài,Stavers,273-474-7471,customer,229
230,Yè,Bloxam,537-795-3619,admin,230
231,Valérie,Tomblin,867-429-6451,customer,231
232,Marie-noël,Krier,320-621-7070,customer,232
233,Dafnée,Ewin,633-905-9349,customer,233
234,Loïca,Loyns,521-934-9728,first aid,234
235,Eugénie,Stegell,272-608-0203,customer,235
236,Mahélie,Coote,323-718-6269,first aid,236
237,Yè,Van der Kruijs,576-211-7334,customer,237
238,Mélissandre,McGrotty,584-325-4329,first aid,238
239,Maëlyss,Authers,832-310-9270,first aid,239
240,Nadège,MacFaell,704-237-0565,admin,240
241,Marie-thérèse,Falcus,772-110-8252,first aid,241
242,Táng,Hedingham,572-708-2418,customer,242
243,Mahélie,Scud,274-869-7500,first aid,243
244,Méghane,Parnham,341-916-6625,first aid,244
245,Kù,Wixey,418-454-1156,customer,245
246,Lyséa,Lau,978-659-7475,customer,246
247,Mélodie,Chappelle,617-257-7484,customer,247
248,Yénora,Tunbridge,703-408-1109,first aid,248
249,Lài,Cyster,177-470-2655,customer,249
250,Lài,Mendel,189-731-3698,customer,250
251,Loïc,Geach,307-270-6173,customer,251
252,Clémentine,Ceney,186-456-6701,admin,252
253,Garçon,Waggett,106-732-9950,customer,253
254,Maïté,Sidebotham,270-628-6213,first aid,254
255,Yóu,Josse,563-155-8355,admin,255
256,Zoé,Mallabone,638-982-2772,customer,256
257,Märta,Smolan,531-651-2372,customer,257
258,Joséphine,Lamberti,926-878-1149,customer,258
259,Eugénie,Noell,107-619-8651,customer,259
260,Håkan,Matthieson,195-701-4764,customer,260
261,Cléopatre,Sims,714-578-5964,first aid,261
262,Intéressant,Youell,786-603-3608,customer,262
263,Crééz,Dalyell,932-431-3998,customer,263
264,Irène,Bangs,176-616-6488,customer,264
265,Marylène,Baford,803-444-7017,customer,265
266,Wá,Priden,360-634-5036,first aid,266
267,Aí,O'Lyhane,946-649-2531,first aid,267
268,Nadège,Gammons,834-374-9892,customer,268
269,Crééz,Nutton,193-157-4662,admin,269
270,Geneviève,Mallall,394-731-2810,customer,270
271,Marie-françoise,Glassup,958-328-6745,customer,271
272,Nélie,Berrecloth,409-645-7568,customer,272
273,Estève,Easterling,830-190-6088,customer,273
274,Ráo,Menghi,594-452-2659,customer,274
275,Sélène,Handrik,301-571-0298,first aid,275
276,Mégane,Rizzo,751-250-1044,customer,276
277,Léonie,Carpe,625-702-4661,customer,277
278,Cécilia,Pearde,266-926-1654,first aid,278
279,Audréanne,Kyneton,744-576-7246,admin,279
280,Thérèse,Form,947-379-8513,customer,280
281,Gösta,Grishin,973-354-7399,customer,281
282,Aloïs,Popland,635-965-0047,first aid,282
283,Göran,Emptage,137-482-0528,customer,283
284,Örjan,Drakes,466-154-3197,customer,284
285,Dà,Gammidge,313-790-8581,customer,285
286,Görel,Portlock,120-456-2694,first aid,286
287,Yénora,Raithmill,861-718-9116,admin,287
288,Personnalisée,Kemball,305-687-2410,admin,288
289,Maëlann,Teasdale,562-713-1852,customer,289
290,Océanne,Badcock,522-546-3479,customer,290
291,Lauréna,Peris,105-806-5438,first aid,291
292,Zoé,Oneil,755-562-8866,customer,292
293,Lucrèce,Gatteridge,676-303-3267,admin,293
294,Kù,Gilroy,990-557-6598,first aid,294
295,Thérèsa,Sellack,903-692-9568,customer,295
296,Maëly,Cervantes,312-821-9456,customer,296
297,Angélique,Decort,584-295-5580,customer,297
298,Irène,Sudran,279-882-6682,customer,298
299,Kallisté,Brindley,301-440-5956,first aid,299
300,Bécassine,Bachelor,855-175-5544,admin,300
301,Edmée,Viccary,875-644-0392,customer,301
302,Léandre,Eyles,282-828-2797,customer,302
303,Geneviève,Tschirschky,711-613-0109,first aid,303
304,Aloïs,Fake,469-801-0246,customer,304
305,Ruì,Chamberlaine,346-890-3132,customer,305
306,Zoé,Monte,250-150-5352,first aid,306
307,Célestine,Lankham,876-640-0707,first aid,307
308,Océane,Checketts,179-760-4558,first aid,308
309,Dù,Donavan,891-985-2204,customer,309
310,Åslög,Horry,110-266-2939,first aid,310
311,Joséphine,Greenshields,128-882-5991,customer,311
312,Naëlle,Donett,786-596-3446,admin,312
313,Mén,Jorgensen,314-496-6553,admin,313
314,Fèi,Basham,833-758-9728,customer,314
315,Solène,Ledes,623-539-5212,customer,315
316,Béatrice,Elletson,520-109-2529,admin,316
317,Marie-noël,Killeen,654-288-3859,customer,317
318,Danièle,Smitherham,790-292-6985,first aid,318
319,Gaëlle,Smalley,260-306-3865,customer,319
320,Stéphanie,Swett,981-593-7016,customer,320
321,Åke,Averay,923-317-9694,customer,321
322,Adélie,Stickins,215-879-2213,first aid,322
323,Kuí,Shemmin,489-515-4098,admin,323
324,Personnalisée,Daintrey,679-419-2811,customer,324
325,Maïly,Leynagh,949-588-5574,first aid,325
326,Alizée,McCraw,758-590-0780,admin,326
327,Nuó,Sketch,931-295-9006,customer,327
328,Tú,Pirri,154-682-5797,admin,328
329,Gaétane,McCallam,643-225-6092,customer,329
330,Mélinda,Lismore,919-742-0056,customer,330
331,Camélia,Mandal,983-310-1138,first aid,331
332,Mélissandre,Pendry,479-890-4385,first aid,332
333,Desirée,Upjohn,472-893-8736,admin,333
334,Pò,Cowap,600-967-2108,first aid,334
335,Hélène,Saenz,893-626-1556,customer,335
336,Judicaël,Grigoliis,219-247-2337,first aid,336
337,Mélinda,Kuhwald,396-241-1064,customer,337
338,Daphnée,Alexsandrovich,691-314-7801,customer,338
339,Mélia,Orring,277-763-7948,first aid,339
340,Uò,Truman,940-294-4223,customer,340
341,Publicité,Durkin,272-633-0409,customer,341
342,Gaëlle,Merryman,382-175-6367,admin,342
343,Mégane,Dinse,354-170-0548,customer,343
344,Maëlys,Hearsey,201-959-9623,admin,344
345,Uò,Velez,695-953-1092,admin,345
346,Eléa,Penella,995-895-2940,customer,346
347,Aurélie,Poxon,895-333-0477,first aid,347
348,Anaël,Leabeater,958-294-0151,first aid,348
349,Anaïs,Blaver,444-129-0246,first aid,349
350,Léa,Caton,309-147-6408,first aid,350
351,Yáo,Irnys,688-557-2968,admin,351
352,Bérangère,Elwyn,281-285-8141,customer,352
353,Zoé,Porson,503-605-7180,first aid,353
354,Liè,Elvy,406-937-0827,customer,354
355,Göran,Cawcutt,125-790-3918,first aid,355
356,Eloïse,Frankish,858-988-5765,customer,356
357,Maïlys,Ellis,770-288-8881,admin,357
358,Liè,Hanbury,311-200-1559,first aid,358
359,Anaïs,Revening,758-697-7966,admin,359
360,Océane,Wistance,594-759-3344,admin,360
361,Médiamass,Tubbles,413-796-3253,first aid,361
362,Göran,Scutter,319-136-3849,first aid,362
363,Intéressant,Farrer,753-318-6942,customer,363
364,Lén,Heatlie,448-898-1264,customer,364
365,Ophélie,Luciano,290-147-5161,first aid,365
366,Maëly,Squelch,764-918-0321,first aid,366
367,Rébecca,Hughes,932-777-2290,customer,367
368,Mélys,McLewd,317-968-2511,customer,368
369,Maïté,Hargess,393-729-2356,admin,369
370,Valérie,Adenot,795-319-8458,customer,370
371,Táng,Brownbill,965-837-0113,first aid,371
372,Nélie,Farrent,610-126-9539,first aid,372
373,Léonore,Emanuelov,361-728-5061,customer,373
374,Vérane,Kimm,188-682-5235,first aid,374
375,Eugénie,Cordeau,269-680-9649,first aid,375
376,Naéva,Brennan,828-877-2906,admin,376
377,Garçon,Elstow,208-104-1569,customer,377
378,Mélissandre,Zamorano,782-321-1777,customer,378
379,Anaëlle,Bielefeld,698-392-2676,customer,379
380,Zhì,Dionis,160-127-6804,first aid,380
381,Mélys,Tringham,254-509-6076,customer,381
382,Océanne,Garbett,603-224-7060,first aid,382
383,Géraldine,Pikett,772-702-7157,customer,383
384,Angèle,Kealy,570-609-3705,first aid,384
385,Bérengère,Vescovo,264-288-1889,customer,385
386,Méthode,Greally,998-142-2441,first aid,386
387,Clémence,Jeavons,852-369-9698,admin,387
388,Ophélie,Waddington,497-906-5630,first aid,388
389,Noémie,Adamkiewicz,408-711-3369,customer,389
390,Séverine,Meadley,445-531-9114,customer,390
391,André,Cristofor,645-416-2288,admin,391
392,Yóu,Kopec,646-111-8477,admin,392
393,Aloïs,Loder,481-360-0370,customer,393
394,Josée,Glendining,875-212-2177,admin,394
395,Danièle,Willicott,155-873-0279,admin,395
396,Cécilia,Sorrie,339-439-8872,customer,396
397,Léone,Ceyssen,730-330-3278,customer,397
398,Personnalisée,Wager,872-945-7266,admin,398
399,Dorothée,Oliver-Paull,578-199-8912,first aid,399
400,Josée,Tukely,136-209-7287,customer,400
401,Mårten,Smyley,468-875-5659,first aid,401
402,Stévina,Zellmer,559-728-3300,customer,402
403,Åslög,Pydcock,783-936-0584,customer,403
404,Bérénice,Licciardiello,532-322-7040,first aid,404
405,Aimée,Duckfield,506-341-1745,customer,405
406,Néhémie,Rainville,373-835-0706,first aid,406
407,Garçon,Grunnill,931-713-6810,first aid,407
408,André,Lodewick,839-125-7230,customer,408
409,Simplifiés,Vause,188-752-6689,customer,409
410,Andréanne,Tuther,259-465-2691,admin,410
411,Rachèle,Jills,612-337-7086,admin,411
412,Eloïse,Emerine,560-285-0361,first aid,412
413,Anaïs,Jaher,462-629-5400,customer,413
414,Östen,Deex,240-175-5781,customer,414
415,Almérinda,Sleite,381-447-0069,first aid,415
416,Géraldine,Elldred,343-878-3953,first aid,416
417,Liè,Severs,786-199-1834,first aid,417
418,Agnès,Jakubiak,159-111-1904,admin,418
419,Léandre,Darrell,475-720-4658,customer,419
420,Mélinda,Creamen,323-467-9867,admin,420
421,Yè,Birtwhistle,165-841-8746,customer,421
422,Cloé,Ollander,463-830-0311,customer,422
423,Anaëlle,Dimmack,779-683-1772,admin,423
424,Lén,Ayrton,680-794-9590,customer,424
425,Anaé,Aviss,150-823-4763,first aid,425
426,Loïca,Crippes,405-321-6079,first aid,426
427,Méthode,Garroch,273-723-0440,first aid,427
428,Marylène,Dearlove,104-949-3986,admin,428
429,Séverine,Cossom,852-560-2879,admin,429
430,Maïté,Abbe,495-403-2359,customer,430
431,Mégane,Gulc,806-250-4864,first aid,431
432,Lèi,Abendroth,745-659-1364,customer,432
433,Daphnée,Rame,182-844-7002,admin,433
434,Wá,Lagen,525-115-8787,admin,434
435,Mén,Pheby,122-299-5492,customer,435
436,Marylène,Hatfield,732-692-8932,customer,436
437,Örjan,Grigaut,506-917-9090,customer,437
438,Loïs,Krauss,523-480-1216,customer,438
439,Göran,Boagey,780-456-6622,admin,439
440,Géraldine,Passman,445-952-8409,customer,440
441,Estée,Norrington,190-203-8480,customer,441
442,Célestine,Trevaskiss,919-451-1955,admin,442
443,Gisèle,Edelheid,800-967-2152,first aid,443
444,Bérengère,Pritchard,316-232-8566,customer,444
445,Séverine,Olech,204-626-8340,first aid,445
446,Sélène,Brockway,907-301-1275,customer,446
447,Andréanne,Tampin,162-844-1334,admin,447
448,Irène,Ajean,972-437-1322,first aid,448
449,Edmée,Warcop,561-567-7937,admin,449
450,Solène,Rozalski,460-771-4514,first aid,450
451,Åsa,Moulsdale,104-168-9021,first aid,451
452,Cunégonde,Punch,645-705-7802,first aid,452
453,Gwenaëlle,Ilott,887-778-8117,customer,453
454,Görel,Phaup,374-640-4672,first aid,454
455,Séréna,Scholz,670-157-1261,customer,455
456,Adélaïde,Gemmell,111-839-3308,customer,456
457,Maéna,de Pinna,154-760-2600,customer,457
458,Börje,Sex,405-823-2239,customer,458
459,Mégane,Baptista,402-401-4641,admin,459
460,Loïca,Tembridge,685-937-9429,customer,460
461,Thérèse,Ide,871-818-7124,customer,461
462,Chloé,McGlade,766-765-4103,customer,462
463,Faîtes,Maciunas,955-164-9507,first aid,463
464,Wá,Grigoriev,403-160-6951,customer,464
465,Maëlle,Matovic,715-256-1476,first aid,465
466,Erwéi,Portugal,742-348-2667,first aid,466
467,Gaïa,Wilsher,344-323-4790,customer,467
468,Cécile,Ballinghall,815-854-0551,admin,468
469,Félicie,Airds,865-284-3562,customer,469
470,Táng,Pellamonuten,345-993-1086,customer,470
471,Maïly,Vreiberg,311-568-5660,customer,471
472,Vérane,Titman,263-767-3168,customer,472
473,Erwéi,Kidney,967-766-9852,first aid,473
474,Thérèse,Gowdridge,570-578-6316,customer,474
475,Marie-josée,Guille,417-800-9962,customer,475
476,Crééz,Boast,102-974-5441,customer,476
477,Publicité,Duchasteau,676-928-6906,customer,477
478,Märta,Kondrat,226-191-0873,first aid,478
479,Maïwenn,Scurrah,369-619-3766,admin,479
480,Camélia,Weall,692-838-7547,first aid,480
481,Maïwenn,Sextone,153-852-2638,first aid,481
482,Méthode,Flaunier,907-703-5684,admin,482
483,Gwenaëlle,Croster,178-267-5155,first aid,483
484,Renée,Lumbly,481-853-9157,customer,484
485,Michèle,Pardoe,481-483-5626,first aid,485
486,Gérald,Harlock,471-515-2106,first aid,486
487,Solène,Curtis,573-690-6951,first aid,487
488,Anaïs,Di Bartolomeo,160-871-9416,admin,488
489,Aimée,Joll,461-560-0948,customer,489
490,Mélia,Cypler,316-662-1788,first aid,490
491,Clémence,Bollen,299-450-8561,customer,491
492,Rachèle,Rowlin,532-248-0756,customer,492
493,Örjan,Bowton,964-433-6767,customer,493
494,Salomé,Headford,450-869-6352,customer,494
495,Aimée,Gerhold,366-344-4984,admin,495
496,Börje,Trattles,935-180-2197,first aid,496
497,Eugénie,Alelsandrovich,671-928-5585,admin,497
498,Nadège,Pearch,250-254-1741,first aid,498
499,Marie-noël,Barde,216-999-6858,customer,499
500,Irène,Bowshire,882-758-6836,first aid,500
501,Séréna,Cuff,799-478-2194,admin,501
502,Dorothée,Marmyon,633-330-6217,customer,502
503,Marie-françoise,Jaycock,795-462-8759,admin,503
504,Méline,Konert,707-647-7100,first aid,504
505,Bécassine,Hussell,953-949-8951,customer,505
506,Yáo,Gait,392-332-2867,customer,506
507,Renée,Atmore,238-719-5626,customer,507
508,Björn,Cordero,527-539-1419,admin,508
509,Ráo,Hayle,106-598-2412,customer,509
510,Maëlyss,Hearons,997-588-2949,customer,510
511,Naëlle,Hutton,642-294-2301,first aid,511
512,Marie-thérèse,Stroulger,751-187-8987,first aid,512
513,Laïla,Corn,198-384-2971,first aid,513
514,Táng,Humphries,477-657-3453,customer,514
515,Cloé,Marron,685-355-2744,customer,515
516,Anaël,Fedorchenko,617-187-5700,customer,516
517,Estève,Bennetts,903-637-8235,customer,517
518,Léana,Silverstone,607-190-0244,first aid,518
519,Solène,Greendale,403-681-7802,first aid,519
520,Yè,Phillott,599-986-8150,customer,520
521,Andréanne,Prettyjohns,139-435-4795,customer,521
522,Naéva,Malyan,460-685-0404,customer,522
523,Mårten,Aleksidze,255-163-9114,first aid,523
524,Almérinda,Vidgeon,948-170-5826,first aid,524
525,Mélinda,Mewe,437-844-7507,customer,525
526,Hélène,Hasty,811-236-1760,customer,526
527,Marie-josée,Nunnerley,760-707-2405,customer,527
528,Aimée,Haig,838-752-1246,customer,528
529,Mélanie,Mattedi,235-416-6011,first aid,529
530,Réjane,Capron,470-351-3075,customer,530
531,Océanne,Guildford,917-480-1958,customer,531
532,Mélodie,Maudett,462-454-8638,first aid,532
533,Noëlla,Shore,201-831-6570,first aid,533
534,Lyséa,Brandreth,848-883-8380,customer,534
535,Wá,Shekle,897-601-2675,customer,535
536,Andréa,Knightsbridge,638-388-2024,admin,536
537,Bécassine,Lafflin,139-993-3253,first aid,537
538,Clémentine,Plenty,457-721-7266,customer,538
539,Océane,Kapelhof,211-498-6553,customer,539
540,Geneviève,Glass,725-805-9837,customer,540
541,Intéressant,Smale,313-731-0640,customer,541
542,Léa,Oliphant,599-925-7184,customer,542
543,Mélissandre,Dobson,671-452-5394,admin,543
544,Gösta,Achromov,340-815-0468,first aid,544
545,Maëly,Petrussi,525-391-9660,first aid,545
546,Nélie,Dowzell,452-348-9370,customer,546
547,Geneviève,Bradberry,232-467-3917,customer,547
548,Josée,Creavin,870-331-4442,customer,548
549,Håkan,Bexley,672-973-9722,admin,549
550,Dù,Kiehnlt,616-345-7459,customer,550
551,Börje,Dovidaitis,390-726-0077,first aid,551
552,Vérane,Bevir,207-760-0596,customer,552
553,Anaïs,Quilkin,310-749-6519,customer,553
554,Personnalisée,Benterman,792-370-9887,customer,554
555,Hélèna,Moth,800-206-0731,customer,555
556,Solène,Higginbottam,682-988-9826,admin,556
557,Åke,Baiyle,500-563-2217,customer,557
558,Gaïa,Pallant,745-994-6370,admin,558
559,Mégane,Tidcomb,729-492-6617,first aid,559
560,Táng,Arnaudi,447-448-8835,customer,560
561,Noémie,Doull,590-551-1189,customer,561
562,Méthode,Libbis,268-203-7396,customer,562
563,Desirée,Franciotti,893-978-9228,first aid,563
564,Françoise,Haysham,914-298-3473,customer,564
565,Gisèle,Allon,462-622-5771,customer,565
566,Laurène,Olney,307-129-4868,customer,566
567,Styrbjörn,Galea,823-821-6660,first aid,567
568,Cunégonde,Smeal,248-724-4137,customer,568
569,Adélie,Noraway,360-698-0357,first aid,569
570,Cléa,Burchell,982-543-0355,customer,570
571,Åke,Hick,619-668-5047,customer,571
572,Judicaël,MattiCCI,207-149-5137,customer,572
573,Marlène,Dewfall,619-515-8114,customer,573
574,Gaétane,Collelton,206-991-4808,customer,574
575,Loïc,Iacovacci,302-606-9619,customer,575
576,Valérie,Guage,851-143-1413,customer,576
577,Léone,Arling,334-817-7172,first aid,577
578,Maïté,Eckhard,172-561-6737,customer,578
579,Ruì,Rabier,794-637-7404,admin,579
580,Ruì,Widdowson,362-801-6511,customer,580
581,Stévina,Brookson,914-594-5587,customer,581
582,Léone,Ickovicz,775-696-3598,first aid,582
583,Hélène,Shawyer,582-250-1387,admin,583
584,Görel,Kensit,589-744-8216,customer,584
585,Léonie,Norrington,468-897-4685,customer,585
586,Danièle,Bungey,635-886-2013,first aid,586
587,Mélina,Serrels,394-175-8500,admin,587
588,Marie-josée,Luciano,408-899-9232,first aid,588
589,Océanne,Lundberg,504-651-7743,customer,589
590,Gisèle,Worge,260-149-2239,customer,590
591,Dorothée,Dunan,231-977-7708,customer,591
592,Dafnée,Kydde,179-844-2910,admin,592
593,Océane,Popplestone,104-686-9705,admin,593
594,Thérèsa,Reynolds,347-452-7211,first aid,594
595,Andrée,Argontt,249-714-9805,customer,595
596,Cléa,Cowely,575-527-6167,customer,596
597,Estée,Lugton,971-587-6577,customer,597
598,Judicaël,Fittall,344-755-3975,customer,598
599,Léa,Folley,516-994-9581,first aid,599
600,Mélina,Bande,366-461-6306,customer,600
601,Almérinda,Headan,224-913-0921,customer,601
602,Pò,Canaan,887-587-0072,customer,602
603,Gérald,Drewson,850-462-7340,customer,603
604,Uò,Upfold,490-340-6570,customer,604
605,Jú,Closs,938-163-2291,customer,605
606,Andréa,Rake,869-905-0876,first aid,606
607,Mélys,Litton,754-954-7434,admin,607
608,Mélys,Corish,932-493-7615,customer,608
609,Marie-josée,Elliker,172-832-5371,customer,609
610,Östen,Duligall,878-914-2054,first aid,610
611,Océane,Machent,502-132-0599,first aid,611
612,Eléonore,Conrath,847-806-4355,customer,612
613,Eliès,Kesper,876-464-8241,admin,613
614,Angèle,Mellows,608-809-1240,first aid,614
615,Marie-noël,O'Cassidy,361-601-7497,customer,615
616,Danièle,Carlsen,972-125-6502,first aid,616
617,Maëline,Gino,887-632-8200,customer,617
618,Bénédicte,Ritchard,280-279-3351,first aid,618
619,Adélaïde,Gunn,865-448-4225,customer,619
620,Valérie,Macknish,335-353-5621,customer,620
621,Håkan,Cuckoo,200-595-3495,first aid,621
622,Ophélie,Otto,405-948-6382,customer,622
623,Estève,Odney,226-827-0519,customer,623
624,Mélodie,Syce,127-363-4138,customer,624
625,Daphnée,Flook,356-341-0497,customer,625
626,Maï,Ciottoi,751-463-9104,admin,626
627,Nélie,Crichton,313-878-7231,customer,627
628,Nélie,Muldrew,587-573-3411,first aid,628
629,Noëlla,Ritchie,123-731-9258,customer,629
630,Gisèle,Brookes,135-609-0619,customer,630
631,Kuí,Dargan,551-274-8370,customer,631
632,Lorène,Kear,924-605-1853,admin,632
633,Judicaël,Shiers,846-634-1260,first aid,633
634,Zoé,Parsons,517-656-9500,customer,634
635,Göran,Cline,416-662-5378,admin,635
636,Aí,Wykes,888-628-5684,first aid,636
637,Tán,McLoney,220-238-6235,customer,637
638,Andrée,Renackowna,993-524-7196,customer,638
639,Angèle,Braybrooke,464-138-3490,first aid,639
640,Mélinda,Jorat,750-300-2571,customer,640
641,Geneviève,Camlin,773-918-2087,customer,641
642,Océanne,Mc Caughen,432-392-4274,customer,642
643,Céline,Boutellier,993-104-9582,first aid,643
644,Angèle,Jedryka,288-762-6236,customer,644
645,Séverine,Malser,103-485-1616,admin,645
646,Thérèse,Abella,294-221-5931,first aid,646
647,Uò,Cossington,920-643-9395,customer,647
648,Personnalisée,Andreou,479-812-4594,customer,648
649,Garçon,Poker,154-764-0548,admin,649
650,Noémie,Frandsen,277-376-9455,first aid,650
651,Vérane,Buten,189-209-2826,customer,651
652,Lorène,Allso,976-443-7669,customer,652
653,Maëlla,O'Keaveny,763-298-5566,admin,653
654,Bécassine,Apperley,946-794-4163,first aid,654
655,Naëlle,Wyche,166-707-5684,admin,655
656,Cinéma,Gress,119-880-9688,first aid,656
657,Yú,Alanbrooke,358-378-6423,customer,657
658,Océane,Tombs,235-217-4207,customer,658
659,Mén,Mundell,274-955-1809,customer,659
660,Maïté,Goodread,234-791-3431,admin,660
661,Daphnée,Hegdonne,680-679-3450,customer,661
662,Gwenaëlle,Mournian,380-453-0294,first aid,662
663,Stévina,Aberdalgy,786-165-8383,first aid,663
664,Andréanne,Barrus,771-788-1789,first aid,664
665,Pélagie,Sanz,863-292-5112,first aid,665
666,Lyséa,Galvan,614-474-1086,first aid,666
667,Océanne,Siddle,175-917-4511,customer,667
668,Illustrée,Conybear,161-488-5695,customer,668
669,Mégane,Phelps,152-862-8167,admin,669
670,Amélie,Tapenden,449-614-0305,customer,670
671,Aloïs,Rustich,656-371-0285,admin,671
672,Mélinda,Drieu,379-877-3940,first aid,672
673,Estée,Crummey,521-124-8254,customer,673
674,Léandre,Shovelton,233-674-7112,customer,674
675,Véronique,Bengtsen,384-108-9366,customer,675
676,Mà,Winnard,138-181-2568,customer,676
677,Erwéi,Owthwaite,677-242-7075,customer,677
678,Lóng,MacSkeagan,328-975-6997,customer,678
679,Jú,Sinclar,877-303-9506,customer,679
680,Yè,Beaze,672-204-2855,first aid,680
681,Lyséa,Vannuccinii,946-117-0541,first aid,681
682,Lóng,Ackland,846-532-6304,customer,682
683,Cinéma,Kennham,879-411-2292,first aid,683
684,Magdalène,Szymanzyk,897-166-5618,admin,684
685,Illustrée,Jerratsch,711-178-7053,customer,685
686,Maïlis,Hammerberger,710-955-9274,customer,686
687,Yè,Peerman,241-101-0482,customer,687
688,Mårten,Pitcher,262-531-6110,customer,688
689,Åslög,Simoncini,926-297-4590,first aid,689
690,Adélaïde,Lejeune,499-464-8001,customer,690
691,Océanne,Bosson,977-922-2355,admin,691
692,Naéva,Ferrarini,114-605-5219,customer,692
693,Táng,Fife,531-942-7494,first aid,693
694,Nuó,Learmonth,942-573-9404,first aid,694
695,Vénus,O'Loughnan,673-265-8353,first aid,695
696,Angèle,Ladley,949-330-9008,first aid,696
697,Irène,Whittuck,187-637-4411,first aid,697
698,Léandre,Marcu,729-766-5120,customer,698
699,Edmée,Hune,558-694-5782,first aid,699
700,Yóu,deKnevet,548-221-0808,customer,700
701,Marie-ève,Sykora,891-887-4315,first aid,701
702,Maïlys,Durno,840-420-7991,customer,702
703,Åslög,Ludovico,655-520-1299,customer,703
704,Lucrèce,Duxbarry,567-259-3894,customer,704
705,Estève,Yoodall,339-713-6604,first aid,705
706,Marie-thérèse,Cardenas,888-269-4176,customer,706
707,Börje,Felkin,485-981-8431,customer,707
708,Örjan,Chancelier,358-811-2269,customer,708
709,Estée,Arenson,516-369-9958,first aid,709
710,Yú,Delgaty,966-442-7372,customer,710
711,Mégane,Glanders,843-123-4962,customer,711
712,Märta,Abramov,458-585-3626,customer,712
713,Simplifiés,Skoggings,365-636-2455,first aid,713
714,Cloé,Robun,446-688-1898,customer,714
715,Marie-josée,Prestage,823-323-6310,first aid,715
716,Mélina,Czyz,707-752-9558,customer,716
717,Maëlys,Galle,498-839-8272,first aid,717
718,Nadège,Hartnup,806-610-8479,first aid,718
719,Camélia,Fellman,114-818-9673,first aid,719
720,Marie-noël,Godier,280-480-4644,customer,720
721,Béatrice,Wemyss,422-941-2031,customer,721
722,Marie-hélène,Celle,598-699-1429,customer,722
723,Adèle,Levesley,599-325-9655,first aid,723
724,Clélia,Matiashvili,385-589-6809,customer,724
725,Dù,Sine,210-813-8802,first aid,725
726,Stévina,Mosdell,829-891-5910,first aid,726
727,Örjan,Lulham,334-660-2346,first aid,727
728,Publicité,Maslen,793-135-1896,admin,728
729,Clélia,Jordison,707-451-9472,customer,729
730,Célia,Greenleaf,313-541-1464,customer,730
731,Océanne,Burkart,336-983-1227,first aid,731
732,Josée,Pamplin,116-338-4430,customer,732
733,Irène,De Caville,911-584-1567,first aid,733
734,Yóu,Elderton,364-465-3711,first aid,734
735,Åke,Dukes,162-629-1628,first aid,735
736,Dà,Sobey,465-257-0620,customer,736
737,Maïly,Nanninini,889-929-1489,customer,737
738,Maïwenn,Tustin,379-785-1273,customer,738
739,Stéphanie,Horlick,512-578-3393,admin,739
740,Torbjörn,Canizares,641-581-1790,first aid,740
741,Estève,Cridlin,635-898-2332,admin,741
742,Médiamass,Wenger,179-500-8192,admin,742
743,Björn,Oxtoby,429-764-5042,admin,743
744,Maïly,Ninnotti,353-638-0656,customer,744
745,Agnès,Krug,650-451-8843,admin,745
746,Océane,Moggach,375-229-6445,first aid,746
747,Judicaël,Reuben,127-765-9390,first aid,747
748,Uò,Figin,624-446-2992,customer,748
749,Adèle,Kobierra,304-712-5160,customer,749
750,Joséphine,Gillmore,661-623-6061,customer,750
751,Vérane,Betton,615-647-2991,customer,751
752,Bécassine,Korda,717-771-6100,customer,752
753,Marie-ève,Pietrowicz,751-556-4080,first aid,753
754,Stévina,Pearmine,688-697-9636,first aid,754
755,Yáo,Cranage,567-176-4352,customer,755
756,Aloïs,Catterick,530-457-3350,customer,756
757,Hélèna,Kienl,643-245-6471,admin,757
758,Amélie,Spring,736-943-3137,admin,758
759,Mà,Barnfather,799-530-5545,admin,759
760,Åke,Butrimovich,838-719-9976,customer,760
761,Kévina,Bisseker,635-400-1869,admin,761
762,Maïly,Bowmer,550-911-5989,customer,762
763,Solène,McGilleghole,827-535-3400,first aid,763
764,Angèle,Coldicott,938-895-3466,admin,764
765,Anaëlle,Twydell,314-769-9469,admin,765
766,Börje,Dyneley,597-344-0686,admin,766
767,Séréna,McFadin,606-886-1495,customer,767
768,Léa,Altoft,853-136-1906,customer,768
769,Cléa,McAree,478-932-2543,customer,769
770,Maëline,Reaman,909-356-0763,first aid,770
771,Pò,Henrys,658-922-1525,first aid,771
772,Maïly,Langabeer,910-523-4519,first aid,772
773,Méryl,Arnell,210-150-5217,customer,773
774,Maéna,Freebury,733-169-3822,first aid,774
775,Zoé,Willarton,399-257-0152,first aid,775
776,Séréna,Fere,906-971-4832,first aid,776
777,Maëlla,Kiljan,200-519-6390,customer,777
778,Tán,Truitt,383-400-0652,customer,778
779,Célestine,Seaking,114-445-6846,admin,779
780,Mélys,Ormistone,988-127-7115,first aid,780
781,Dù,Jansson,384-415-5191,customer,781
782,Göran,Grills,150-485-2442,admin,782
783,Josée,Stollsteiner,656-724-7227,first aid,783
784,Eugénie,Harmon,644-517-0669,first aid,784
785,Angélique,Orred,159-262-1689,customer,785
786,Almérinda,Thurlby,103-664-4119,customer,786
787,Estève,Clarage,707-871-1189,customer,787
788,Judicaël,Elwell,494-308-9577,first aid,788
789,Jú,Wingrove,499-729-7638,first aid,789
790,Börje,Tarn,631-374-5067,first aid,790
791,Maïté,Dunnet,686-497-6267,customer,791
792,Aimée,Thornhill,498-160-9399,customer,792
793,Marie-noël,Fleckney,893-454-1420,admin,793
794,Almérinda,Sedgeman,168-222-7752,customer,794
795,Méghane,Reece,651-328-2401,first aid,795
796,Táng,Bernholt,817-882-8430,customer,796
797,Maïlys,Regglar,726-384-5882,first aid,797
798,Vérane,Mitham,712-577-2802,customer,798
799,Fèi,Paylor,559-441-6118,customer,799
800,Noëlla,Gonsalvez,621-202-5611,first aid,800
801,Béatrice,Millott,764-488-3810,first aid,801
802,Eugénie,Carter,686-461-6300,customer,802
803,Marie-josée,Winger,340-300-3491,customer,803
804,Mélodie,Kopacek,953-234-0987,customer,804
805,Kallisté,Klimp,206-675-3994,admin,805
806,Thérèsa,Barnaclough,950-268-9039,first aid,806
807,Lauréna,Lambole,874-593-3858,customer,807
808,Annotée,Coller,148-623-9062,first aid,808
809,Annotés,Diggens,696-694-7235,admin,809
810,Nélie,Grieves,520-604-9762,admin,810
811,Táng,Datte,350-711-3375,customer,811
812,Mårten,Titta,691-516-5740,customer,812
813,Marlène,Nicholls,844-562-0560,admin,813
814,Wá,Petty,604-796-5103,first aid,814
815,Régine,Gallimore,424-660-5973,first aid,815
816,Audréanne,Furst,370-169-9616,customer,816
817,Gaïa,Humblestone,379-601-5410,customer,817
818,Gaëlle,Wythe,333-799-8706,first aid,818
819,Daphnée,Franzel,964-355-1769,first aid,819
820,Lyséa,Crocken,892-571-8692,customer,820
821,Edmée,Blastock,389-485-0462,customer,821
822,Sélène,O'Hollegan,674-822-1856,customer,822
823,Annotée,Loffhead,424-311-7035,first aid,823
824,Andréa,Chatin,714-634-0932,first aid,824
825,Mylène,Philipard,606-838-2329,customer,825
826,Yú,Finby,862-925-3853,customer,826
827,Cloé,Culham,252-514-2391,first aid,827
828,Audréanne,Semble,980-774-2553,first aid,828
829,Dafnée,MacPaden,871-401-3638,first aid,829
830,Håkan,Woollin,744-776-2440,customer,830
831,Bérénice,Kiely,542-345-5046,first aid,831
832,Josée,Spaven,821-949-8456,first aid,832
833,Aurélie,Eakins,474-720-9556,customer,833
834,Yénora,Rarity,881-130-7806,customer,834
835,Táng,Attew,515-688-1536,first aid,835
836,Valérie,Gisbourn,591-263-2688,admin,836
837,Yè,MacNamee,977-709-3939,first aid,837
838,Cunégonde,Vedikhov,623-115-9012,customer,838
839,Adèle,Meier,815-794-8720,first aid,839
840,Inès,Greves,152-278-5181,customer,840
841,Lyséa,Hainey,650-242-4663,customer,841
842,Vénus,Birney,329-467-1003,customer,842
843,Clémentine,Titchard,183-974-9459,customer,843
844,Eléa,Sigg,287-899-1940,first aid,844
845,Åslög,McReidy,872-189-2603,admin,845
846,Vénus,Renfree,850-338-6517,customer,846
847,Torbjörn,Caulcott,499-308-1900,first aid,847
848,Åke,Majury,258-662-6432,customer,848
849,Dà,Haime,650-206-0326,first aid,849
850,Faîtes,Fuggles,601-496-0317,first aid,850
851,Marie-josée,Gosz,599-650-2179,customer,851
852,Loïs,Sowerbutts,935-572-3868,admin,852
853,Mélinda,Giannasi,715-165-8814,first aid,853
854,Maëlle,Sayles,793-756-6792,first aid,854
855,Vénus,Hexum,323-887-9181,customer,855
856,Uò,Bonnar,323-326-9486,customer,856
857,Simplifiés,Edling,882-616-8444,customer,857
858,Loïca,Gallon,489-641-8046,admin,858
859,Josée,McKellar,349-478-9014,customer,859
860,Yénora,Allbrook,866-480-0665,admin,860
861,Méline,Readmire,671-818-5953,first aid,861
862,Loïca,Spurge,409-825-5732,customer,862
863,Véronique,Ivimy,672-300-3437,first aid,863
864,Clélia,McKag,585-943-4516,first aid,864
865,Réjane,Barringer,387-998-9442,customer,865
866,Léone,Vuitton,351-535-2425,first aid,866
867,Cunégonde,Torresi,480-602-0423,first aid,867
868,Maï,Schanke,999-991-3068,first aid,868
869,Maïly,Silvester,595-334-2096,customer,869
870,Médiamass,Lodder,168-833-5897,first aid,870
871,Thérèsa,Pendred,531-981-5292,first aid,871
872,Bénédicte,Shorland,940-620-0211,first aid,872
873,Sélène,Lars,928-622-9069,customer,873
874,Lèi,Moody,654-573-9465,first aid,874
875,Gérald,Branch,878-541-0274,customer,875
876,Yú,Eyres,848-880-0694,customer,876
877,Angèle,Boij,792-310-1522,admin,877
878,Cléa,Treadway,408-956-6893,customer,878
879,Lauréna,Gidney,940-623-6698,customer,879
880,Maëlys,Growcock,987-829-6215,first aid,880
881,Sélène,Finnes,512-626-2239,customer,881
882,Bérangère,Gossage,578-579-0958,customer,882
883,Renée,Marshallsay,818-687-1409,first aid,883
884,Almérinda,Lelievre,835-713-9893,first aid,884
885,Mà,Tosspell,129-240-7198,first aid,885
886,Örjan,Plevey,764-873-4778,first aid,886
887,Gaétane,Gagan,608-216-8379,customer,887
888,Illustrée,Bondesen,495-174-8770,first aid,888
889,Vénus,Isacsson,678-190-4312,first aid,889
890,Vénus,Kemmons,269-370-0504,first aid,890
891,Marie-josée,Chanders,974-731-3339,first aid,891
892,Mélinda,McEnteggart,496-689-9589,first aid,892
893,Lucrèce,Siddaley,168-951-9652,first aid,893
894,Alizée,Mainds,297-645-7770,customer,894
895,Mélinda,Barbey,687-397-5253,customer,895
896,Léane,Morant,909-166-2079,first aid,896
897,Táng,Langstone,874-409-4221,customer,897
898,Rébecca,Champain,615-508-9045,admin,898
899,Mén,Masselin,368-497-9176,customer,899
900,Néhémie,Sheen,410-120-9537,customer,900
901,Maëlyss,Giblin,877-578-0163,customer,901
902,Hélèna,Gozard,179-726-6045,customer,902
903,Lài,Bowhey,920-477-0576,admin,903
904,Daphnée,Wingrove,430-506-3982,first aid,904
905,Intéressant,Fargher,253-999-6818,admin,905
906,Estée,Morrant,446-277-7965,first aid,906
907,Kù,Thorington,282-178-0945,customer,907
908,Dù,Schukraft,494-425-9171,customer,908
909,Léandre,Zarfati,640-509-9591,customer,909
910,Renée,Tumilson,954-570-3228,customer,910
911,Yú,Rickis,680-510-1248,first aid,911
912,Miléna,Chadderton,209-939-6845,customer,912
913,Joséphine,Cayette,983-176-8568,customer,913
914,Mélodie,Mealham,376-279-6777,admin,914
915,Séréna,Roizin,960-814-8683,first aid,915
916,Gisèle,Gherardesci,614-746-7747,first aid,916
917,Thérèsa,Stibbs,623-946-7905,customer,917
918,Pò,Higgonet,253-573-3354,customer,918
919,Maïwenn,Simmens,690-383-8431,first aid,919
920,Geneviève,Puddle,856-347-3738,customer,920
921,Loïs,Roddick,375-583-9760,first aid,921
922,Maïlys,Dorwood,586-748-9153,first aid,922
923,Mélina,Scatchard,260-356-5225,admin,923
924,Renée,Willgoss,445-105-1181,first aid,924
925,Gaétane,Geldart,361-253-1581,customer,925
926,Joséphine,Ruddle,441-438-8824,customer,926
927,Pélagie,Suttell,960-885-1061,first aid,927
928,Liè,Shervil,428-610-2272,customer,928
929,Björn,Ash,296-261-6477,first aid,929
930,Aí,Goddert.sf,873-758-1034,admin,930
931,Bérengère,McCorkindale,449-929-0794,admin,931
932,Annotés,Pencott,160-471-5328,admin,932
933,Médiamass,Lohden,723-745-6811,admin,933
934,Personnalisée,Tweedell,264-685-3380,first aid,934
935,Nuó,Stillman,464-387-1122,customer,935
936,Faîtes,Hawse,607-304-7900,first aid,936
937,Salomé,Gallico,137-935-7343,first aid,937
938,Anaëlle,Causier,891-709-3107,customer,938
939,Léonore,Acreman,526-642-1086,first aid,939
940,Frédérique,Burvill,535-833-3388,first aid,940
941,Dà,Rosenbush,468-549-4482,customer,941
942,Eléonore,Dillinger,907-116-2261,first aid,942
943,Cléopatre,Filipovic,660-816-9726,customer,943
944,Maëline,Graalmans,175-397-1611,customer,944
945,Mélodie,Rosi,629-201-3375,customer,945
946,Estée,Fegan,738-474-2101,first aid,946
947,Maëlann,Ellery,439-854-0756,admin,947
948,Styrbjörn,Barense,814-269-7398,admin,948
949,Maïly,Boast,511-549-8213,customer,949
950,Loïc,de Voiels,455-372-7740,admin,950
951,Régine,Eastmead,254-172-8185,first aid,951
952,Méthode,Blackborn,589-867-6278,first aid,952
953,Loïc,Shilstone,410-830-5728,admin,953
954,Nélie,Tunniclisse,643-943-0087,first aid,954
955,Styrbjörn,Chinnery,979-694-4198,customer,955
956,Örjan,Segebrecht,210-549-3184,admin,956
957,Naëlle,Van Der Walt,401-605-4383,customer,957
958,Maïlys,Kochl,759-615-7713,first aid,958
959,Zoé,McNab,850-273-0765,customer,959
960,Hélèna,Golsthorp,501-635-7347,customer,960
961,Méthode,Croxton,968-325-8868,first aid,961
962,Marie-françoise,Rosensaft,399-542-9918,customer,962
963,Laurélie,Colkett,367-395-2184,customer,963
964,Irène,Foxen,754-530-1746,customer,964
965,Aimée,Petofi,785-455-2644,first aid,965
966,Yénora,Tanser,254-332-3130,customer,966
967,Michèle,Sea,736-926-3404,first aid,967
968,Alizée,Kas,747-591-3094,customer,968
969,Erwéi,Burgot,322-644-7337,customer,969
970,Agnès,Di Roberto,982-202-3889,first aid,970
971,Gisèle,Euels,520-397-4984,customer,971
972,Maëlla,Meaton,219-177-7797,first aid,972
973,Anaël,O'Currigan,756-950-9151,admin,973
974,Gérald,Woliter,210-261-3169,customer,974
975,Yénora,Lawling,148-916-4608,first aid,975
976,Géraldine,Dines,852-328-1504,admin,976
977,Lóng,Allebone,477-125-7377,customer,977
978,Göran,Sends,406-128-9472,first aid,978
979,Valérie,Blague,326-239-7769,customer,979
980,Inès,Stobo,188-624-8500,first aid,980
981,Félicie,Hatherley,115-150-5736,first aid,981
982,Marie-josée,Maeer,672-498-5194,customer,982
983,Méthode,Kinsley,707-602-5201,customer,983
984,Illustrée,Forryan,474-357-9916,first aid,984
985,Intéressant,Mourton,799-421-8090,first aid,985
986,Andréa,Castellini,173-196-8012,first aid,986
987,Aloïs,Stockings,413-248-1952,admin,987
988,Mén,Caplis,176-694-4229,customer,988
989,Tú,Simony,970-369-9001,customer,989
990,Clémentine,Ballantine,341-521-0751,first aid,990
991,Maï,Eadmeades,348-793-7333,first aid,991
992,Irène,Firpo,317-334-3026,first aid,992
993,Léone,Screen,890-265-8083,first aid,993
994,Néhémie,Davison,851-412-8996,first aid,994
995,Yénora,Henstridge,428-279-4999,customer,995
996,Naéva,Vynehall,247-470-5262,customer,996
997,Tú,Justham,483-116-8389,customer,997
998,Märta,Kenworthey,327-776-2723,admin,998
999,Jú,Jeune,835-479-9339,first aid,999
1000,Eliès,Crutchley,339-278-1112,admin,1000
